63000_10901_00_123456_01,南投縣南投縣南投市南崗2路133號,,南投市,南投分局,南投派出所,南投市復興路、三和一路口,0,1,1,23.904549,120.677531,0,0
63000_10901_00_123456_02,南投縣仁愛鄉大同村信義巷28號,,南投市,南投分局,南投派出所,南投市中興路、芳美路口,0,2,2,24.031137,121.14262,0,0
63000_10901_00_123456_03,南投縣仁愛鄉互助村中華路2號,,南投市,南投分局,半山派出所,南投市南崗路、中華路口,0,3,3,24.0632,120.968736,0,0
63000_10901_00_123456_04,南投縣仁愛鄉精英村法觀路18號,,名間鄉,南投分局,名間分駐所,名間鄉彰南路與名松路口,0,4,4,24.060128,121.19225,0,0
63000_10901_00_123456_05,南投縣仁愛鄉大同村仁和路135號,,名間鄉,南投分局,名間分駐所,名間鄉濁水村員集路與南雅街口,0,5,5,24.072717,121.168557,0,0
63000_10901_00_123456_06,南投縣仁愛鄉法治村界山巷4號,,草屯鎮,草屯分局,草屯派出所,草屯鎮中興路、成功路、草溪路口,0,6,6,23.91689,121.046019,0,0
63000_10901_00_123456_07,南投縣仁愛鄉南豐村中正路86號,,草屯鎮,草屯分局,中正派出所,草屯鎮中正路與博愛路北口,0,7,7,24.003356,121.065637,0,0
63000_10901_00_123456_08,南投縣仁愛鄉春陽村永樂巷57號,,草屯鎮,草屯分局,草屯派出所,草屯鎮新豐路、博愛路與仁愛路口,0,8,8,24.027827,121.14914,0,0
63000_10901_00_123456_09,南投縣仁愛鄉新生村山林巷93號,,草屯鎮,草屯分局,中正派出所,草屯中正路與富昌路口,0,9,9,24.072805,120.983735,0,0
63000_10901_00_123456_10,南投縣仁愛鄉發祥村仁盛路22號,,草屯鎮,草屯分局,上林派出所,草屯草溪路與碧興路口(超商前),0,10,10,24.160392,121.176654,0,0
63000_10901_00_123456_11,南投縣仁愛鄉力行村新望洋68號,,南投市,中興分局,光明派出所,南投市中正路、光明路、中興路口,0,11,11,24.14786,121.189283,0,0
63000_10901_00_123456_12,南投縣仁愛鄉互助村明月巷50號,,南投市,中興分局,府西派出所,南投市省府路、向陽路口,0,12,12,24.069213,120.953261,0,0
63000_10901_00_123456_13,南投縣仁愛鄉力行村華岡路1號,,竹山鎮,竹山分局,中和派出所,竹山鎮集山路三段、中和路口,0,13,13,24.15796,121.228296,0,0
63000_10901_00_123456_14,南投縣仁愛鄉發祥村瑞和路43號,,竹山鎮,竹山分局,社寮派出所,竹山鎮集山路一段與富州巷口,0,14,14,24.115788,121.161286,0,0
63000_10901_00_123456_15,南投縣仁愛鄉萬豐村清華巷77號,,竹山鎮,竹山分局,過溪派出所,竹山鎮過溪派出所前(鯉南路),0,15,15,23.945642,121.078748,0,0
63000_10901_00_123456_16,南投縣仁愛鄉中正村平等巷118號,,埔里鎮,埔里分局,史港派出所,埔里鎮中正路、西安路口,0,16,16,23.904597,120.9915,0,0
63000_10901_00_123456_17,南投縣仁愛鄉榮興村6鄰碧綠巷24號,,國姓鄉,埔里分局,國姓派出所,國姓鄉中正路鄭成功像前路口,0,17,17,24.223227,121.28951,0,0
63000_10901_00_123456_18,南投縣仁愛鄉大同村仁和路150號,,埔里鎮,埔里分局,愛蘭派出所,埔里鎮愛蘭橋頭路口,0,18,18,24.023501,121.133262,0,0
63000_10901_00_123456_19,南投縣仁愛鄉力行村翠巒路23號,,水里鄉,集集分局,水里分駐所,水里鄉中山路與中正路口,0,19,19,24.179531,121.200159,0,0
63000_10901_00_123456_20,南投縣仁愛鄉親愛村高平路4號,,水里鄉,集集分局,水里分駐所,水里鄉中山路與民生路口,0,20,20,23.968329,121.108289,0,0
63000_10901_00_123456_21,南投縣仁愛鄉合作村平生路24號,,魚池鄉,集集分局,魚池分駐所,魚池鄉大雁隧道（魚池往埔里道路）,0,21,21,24.085992,121.216347,0,0
63000_10901_00_123456_22,南投縣仁愛鄉精英村榮華巷43號,,南投市,南投分局,鳳鳴派出所,南投市八卦路與成功三路口,0,22,22,24.022482,121.188015,0,0
63000_10901_00_123456_23,南投縣仁愛鄉大同村仁和路87號,,名間鄉,南投分局,崁峰派出所,名間鄉名松2段路、豐柏路口,0,23,23,24.023343,121.132538,0,0
63000_10901_00_123456_24,南投縣仁愛鄉精英村中興巷18號,,南投市,南投分局,半山派出所,南投市成功3路、工業路口,0,24,24,24.034787,121.185531,0,0
63000_10901_00_123456_25,南投縣竹山鎮竹山里集山路三段968號,,南投市,南投分局,南投派出所,南投市南崗2路、民族路口,0,25,25,23.757021,120.682823,0,0
63000_10901_00_123456_26,南投縣竹山鎮中和里前山路二段119號,,草屯鎮,草屯分局,豐城派出所,草屯鎮玉屏路中和路口(永安宮前),0,26,26,23.763382,120.662991,0,0
63000_10901_00_123456_27,南投縣竹山鎮竹山里集山路三段968號,,中寮鄉,草屯分局,中寮分駐所,中寮鄉永平路、中集路口,0,27,27,23.757021,120.682823,0,0
63000_10901_00_123456_28,南投縣鹿谷鄉竹林村光復路106號,,草屯鎮,草屯分局,復興派出所,草屯鎮碧山、碧興路口,0,28,28,23.726866,120.755488,0,0
63000_10901_00_123456_29,南投縣竹山鎮集山路3段968號,,草屯鎮,草屯分局,新光派出所,草屯鎮芬草路北極堂前,0,29,29,23.757021,120.682823,0,0
63000_10901_00_123456_30,南投縣鹿谷鄉秀峰村仁愛路174號,,草屯鎮,草屯分局,中正派出所,草屯鎮中正路烏溪橋頭,0,30,30,23.780202,120.775929,0,0
63000_10901_00_123456_31,南投縣竹山鎮延平里集山路3段22號,,鹿谷鄉,竹山分局,鹿谷派出所,鹿谷鄉仁愛路初鄉國小前路口,0,31,31,23.766764,120.705982,0,0
63000_10901_00_123456_32,南投縣竹山鎮社寮里集山路一段1694號,,竹山鎮,竹山分局,延平派出所,竹山鎮集山路與大明路口,0,32,32,23.815185,120.722876,0,0
63000_10901_00_123456_33,南投縣竹山鎮桶頭里鯉南路319號,,竹山鎮,竹山分局,桶頭派出所,竹山鎮149線與149乙線交接處(往草嶺),0,33,33,23.64713,120.655301,0,0
63000_10901_00_123456_34,南投縣竹山鎮秀林里頂林路399號,,集集鎮,集集分局,隘寮派出所,集集鎮田寮里共和巷、台16線交界,0,34,34,23.720132,120.701043,0,0
63000_10901_00_123456_35,南投縣鹿谷鎮鹿谷村中正路2段76之6號,,國姓鄉,埔里分局,長流派出所,國姓鄉台21線與投133線(大長路)交界處(長流國小),0,35,35,23.746161,120.753942,0,0
63000_10901_00_123456_36,南投縣鹿谷鄉內湖村興產路1之20號,,國姓鄉,埔里分局,長壽派出所,國姓鄉台14線與136線(中西巷),0,36,36,23.673417,120.795294,0,0
63000_10901_00_123456_37,南投縣竹山鎮瑞竹里鯉南路293號,,國姓鄉,埔里分局,梅林派出所,國姓鄉台21線、投80線(北原路)交界處,0,37,37,23.662086,120.665696,0,0
63000_10901_00_123456_38,南投縣竹山鎮福興里鯉南路172號,,信義鄉,信義分局,信義派出所,信義鄉明德村21線信義分局前,0,38,38,23.726992,120.667525,0,0
63000_10901_00_123456_39,南投縣鹿谷鄉鳳凰村新進巷1號,,信義鄉,信義分局,和社派出所,信義鄉和社森林教育中心前(往東埔溫泉),0,39,39,23.734876,120.784011,0,0
63000_10901_00_123456_40,南投縣信義鄉明德村玉山路49號,,仁愛鄉,仁愛分局,南豐派出所,仁愛分局南豐派出所前,0,40,40,23.697227,120.854226,0,0
63000_10901_00_123456_41,南投縣信義鄉人和村民生巷10號,,仁愛鄉,仁愛分局,霧社派出所,仁愛鄉台14線、台14甲線交界處(往清靜廬山),0,41,41,23.779398,120.896619,0,0
63000_10901_00_123456_42,南投縣信義鄉望美村美信巷55號,,南投市,南投分局,南投派出所,南投市三和三路與復興路口,0,42,42,23.619017,120.884192,0,0
63000_10901_00_123456_43,南投縣信義鄉同富村同和巷6號,,名間鄉,南投分局,赤水派出所,名間鄉名松路與中南路口(赤水派出所前),0,43,43,23.595881,120.888687,0,0
63000_10901_00_123456_44,南投縣信義鄉東埔村開高巷56號,,南投市,南投分局,南投派出所,南投市南崗路與中興路口(南基醫院旁),0,44,44,23.561778,120.928165,0,0
63000_10901_00_123456_45,南投縣信義鄉地利村開信巷14號,,竹山鎮,竹山分局,延平派出所,竹山鎮東鄉路與保甲路口,0,45,45,23.794409,120.942626,0,0
63000_10901_00_123456_46,南投縣信義鄉明德村玉山路49號,,埔里鎮,埔里分局,隆生派出所,埔里鎮投71線與131線口(中正路、水頭路口),0,46,46,23.697227,120.854226,0,0
63000_10901_00_123456_47,南投縣信義鄉新鄉村新鄉路105號,,埔里鎮,埔里分局,鯉潭派出所,埔里鎮中山路一段與信義路口,0,47,47,23.640258,120.869048,0,0
63000_10901_00_123456_48,南投縣信義鄉潭南村和平巷47號,,埔里鎮,埔里分局,隆生派出所,埔里鎮南環路與隆生路口(隆生派出所旁),0,48,48,23.821586,120.939695,0,0
63000_10901_00_123456_49,南投縣信義鄉豐丘村高平巷8號,,中寮鄉,草屯分局,中寮分駐所,中寮鄉永平路與中二高便道出口處,0,49,49,23.670588,120.875194,0,0
63000_10901_00_123456_50,南投縣信義鄉雙龍村光復巷33號,,草屯鎮,草屯分局,草屯派出所,草屯鎮碧山路與中山路口,0,50,50,23.783508,120.947408,0,0
63000_10901_00_123456_51,南投縣信義鄉羅娜村信筆巷66號,,中寮鄉,草屯分局,爽文派出所,中寮鄉龍南路與鄉林巷口,0,51,51,23.628454,120.869755,0,0
63000_10901_00_123456_52,南投縣信義鄉郡大入山檢查哨,,南投市,中興分局,府西派出所,中興新村省府路與太平、東閩路口,0,52,52,23.667976,120.987632,0,0
63000_10901_00_123456_53,南投縣南投市三民里彰南路二段109號,,水里鄉,集集分局,車埕派出所,水里鄉投131線與民權巷口,0,53,53,23.910169,120.683168,0,0
63000_10901_00_123456_54,南投縣南投市三民里彰南路二段109號,,仁愛鄉,仁愛分局,霧社派出所,仁愛鄉台14線與投83線交叉路口(往清靜奧萬大),0,54,54,23.910169,120.683168,0,0
63000_10901_00_123456_55,南投縣南投市平山里彰南路3段19號,,信義鄉,信義分局,青雲派出所,信義鄉台16線地利國小旁,0,55,55,23.924125,120.675964,0,0
63000_10901_00_123456_56,南投縣南投市鳳鳴里八卦路837號,,南投市,南投分局,南投派出所,南投市中興路與東山路口,0,56,56,23.926009,120.638006,0,0
63000_10901_00_123456_57,南投縣名間鄉中正村彰南路30號,,草屯鎮,草屯分局,豐城派出所,草屯鎮中正路將軍廟前,0,57,57,23.837673,120.703694,0,0
63000_10901_00_123456_58,南投縣名間鄉新街村彰南路422號,,南投市,南投分局,半山派出所,南投市祖祠東路與復興路、華陽路口,0,58,58,23.878523,120.693489,0,0
63000_10901_00_123456_59,南投縣名間鄉崁腳村名松路1段309號,,名間鄉,南投分局,新佳派出所,名間鄉彰南路新大巷、田寮巷口,0,59,59,23.835287,120.661204,0,0
63000_10901_00_123456_60,南投縣名間鄉赤水村南田路291號,,南投市,南投分局,半山派出所,南投市南崗三路與仁和路口,0,60,60,23.857231,120.629333,0,0
63000_10901_00_123456_61,南投縣名間鄉大庄村南田路138號,,竹山鎮,竹山分局,竹山派出所,竹山鎮集山路三段與自強路口,0,61,61,23.874294,120.654155,0,0
63000_10901_00_123456_62,南投縣埔里鎮中山路二段235號,,竹山鎮,竹山分局,社寮派出所,竹山鎮集山路與南雲路口(山腳圓環),0,62,62,23.966768,120.969535,0,0
63000_10901_00_123456_63,南投縣國姓鄉北山村中正路四段159號,,鹿谷鄉,竹山分局,鹿谷派出所,鹿谷鄉廣興村中正路與興產路中正一路口,0,63,63,23.981451,120.872551,0,0
63000_10901_00_123456_64,南投縣埔里鎮牛眠里西安路二段355號,,國姓鄉,埔里分局,北山派出所,國姓鄉台14線北山隧道口,0,64,64,24.000772,120.963362,0,0
63000_10901_00_123456_65,南投縣埔里鎮合成里西安路3段225號,,埔里鎮,埔里分局,埔里派出所,埔里鎮忠孝路、中正路、宏仁路交叉口,0,65,65,24.036678,120.924836,0,0
63000_10901_00_123456_66,南投縣國姓鄉長流村大長路351號,,埔里鎮,埔里分局,鯉潭派出所,埔里鎮西安路與信義路口,0,66,66,24.072496,120.876634,0,0
63000_10901_00_123456_67,南投縣國姓鄉福龜村中正路1段157號,,草屯鎮,草屯分局,中正派出所,草屯鎮大成街與碧山路口,0,67,67,24.012486,120.819409,0,0
63000_10901_00_123456_68,南投縣埔里鎮中山路二段235號,,草屯鎮,草屯分局,中正派出所,草屯鎮中正路與芬草路口,0,68,68,23.966768,120.969535,0,0
63000_10901_00_123456_69,南投縣埔里鎮桃米里桃米巷48號,,草屯鎮,草屯分局,草屯派出所,草屯鎮太平路與育英街口,0,69,69,23.942545,120.929677,0,0
63000_10901_00_123456_70,南投縣國姓鄉國姓村國姓路265號,,草屯鎮,中興分局,府西派出所,草屯鎮虎山路與府西路與新生東路口,0,70,70,24.040193,120.857628,0,0
63000_10901_00_123456_71,南投縣國姓鄉北港村國姓路48號,,集集鎮,集集分局,集集派出所,集集鎮和平里中集路與成功路口,0,71,71,24.057945,120.912172,0,0
63000_10901_00_123456_72,南投縣埔里鎮鐵山一巷5之1號,,仁愛鄉,仁愛分局,松岡派出所,仁愛鄉台14甲線7.6公里處所(清境賓館入口處),0,72,72,23.976457,120.938788,0,0
63000_10901_00_123456_73,南投縣埔里鎮中山路2段85號,,信義鄉,信義分局,潭南派出所,信義鄉投63線與和平巷口(潭南派出所),0,73,73,23.970114,120.974675,0,0
63000_10901_00_123456_74,南投縣埔里鎮南環路400號,,魚池鄉,集集分局,日月潭派出所,魚池鄉台21甲線與台21線(魚池往日月潭入口) ,0,74,74,23.951451,120.961598,0,0
63000_10901_00_123456_75,南投縣草屯鎮富寮里中正路571號,,南投市,南投分局,南投派出所,南投市南陽路、民族路口,0,75,75,23.979048,120.694651,0,0
63000_10901_00_123456_76,南投縣草屯鎮上林里草溪路136之11,,竹山鎮,竹山分局,竹山派出所,竹山鎮集山路三段1336巷口與大忠路、大仁路口,0,76,76,23.958067,120.671887,0,0
63000_10901_00_123456_77,南投縣中寮鄉永平村永平路282號,,草屯鎮,草屯分局,中正派出所,草屯鎮炎峰街、玉屏路、玉峰路口(草屯圓環),0,77,77,23.879481,120.765511,0,0
63000_10901_00_123456_78,南投縣草屯鎮中山里草鞋墩1街10號,,草屯鎮,草屯分局,豐城派出所,草屯-中和路140巷中原清景,0,78,78,23.973708,120.68133,0,0
63000_10901_00_123456_79,南投縣草屯鎮富寮里中正路571號,,草屯鎮,草屯分局,中正派出所,草屯成功路、芬草路口,0,79,79,23.979048,120.694651,0,0
63000_10901_00_123456_80,南投縣中寮鄉爽文村龍南路189之1號,,鹿谷鄉,竹山分局,竹山派出所,鹿谷竹林春筍市場光復路、新庄巷口,0,80,80,23.935026,120.760145,0,0
63000_10901_00_123456_81,南投縣草屯鎮復興里碧山路755號,,南投市,南投分局,南投派出所,南投市千秋路217巷口,0,81,81,23.975864,120.667663,0,0
63000_10901_00_123456_82,南投縣草屯鎮新庄里芬草路150號,,草屯鎮,草屯分局,雙冬派出所,草屯鎮中正路、食水巷口（雙冬派出所前）,0,82,82,23.990268,120.675542,0,0
63000_10901_00_123456_83,南投縣草屯鎮土城里中正路216號,,草屯鎮,草屯分局,豐城派出所,草屯鎮土城里中正路、玉屏路口,0,83,83,23.984547,120.741888,0,0
63000_10901_00_123456_84,南投縣草屯鎮雙冬里中正路46號,,草屯鎮,草屯分局,中正派出所,草屯鎮博愛路與御富路、玉屏路口（9號道路口）,0,84,84,23.98357,120.791499,0,0
63000_10901_00_123456_85,南投縣集集鎮民生路63號,,草屯鎮,草屯分局,上林派出所,草屯鎮草溪路、碧興路口（補強）,0,85,85,23.808676,120.857953,0,0
63000_10901_00_123456_86,南投縣魚池鄉五城村五城巷24號,,草屯鎮,草屯分局,新光派出所,草屯鎮墩煌路與芬草路口（中投橋下）,0,86,86,23.887874,120.888052,0,0
63000_10901_00_123456_87,南投縣魚池鄉水社村中山路144號,,草屯鎮,草屯分局,新光派出所,草屯鎮墩煌路與碧興路口（T字路口）,0,87,87,23.866726,120.911332,0,0
63000_10901_00_123456_88,南投縣水里鄉水里村民權路86號,,草屯鎮,草屯分局,上林派出所,草屯鎮省府路與草溪路口（上林派出所前）,0,88,88,23.819273,120.855475,0,0
63000_10901_00_123456_89,南投縣水里鄉車埕村民權巷108號,,草屯鎮,草屯分局,中正派出所,草屯鎮新豐路與墩煌路口,0,89,89,23.833975,120.866428,0,0
63000_10901_00_123456_90,南投縣魚池鄉東光村慶隆巷32號,,草屯鎮,草屯分局,中正派出所,草屯鎮芬草路、新豐路、博愛路、仁愛街口（補強）,0,90,90,23.889986,120.966056,0,0
63000_10901_00_123456_91,南投縣水里鄉群坑村郡坑巷26號,,中寮鄉,草屯分局,爽文派出所,中寮鄉龍南、龍草路口,0,91,91,23.744498,120.859518,0,0
63000_10901_00_123456_92,南投縣魚池鄉魚池村魚池街358號,,中寮鄉,草屯分局,中寮分駐所,中寮鄉永平路、千秋路口（中寮所）,0,92,92,23.896957,120.936979,0,0
63000_10901_00_123456_93,南投縣集集鎮民生路63號,,草屯鎮,草屯分局,中正派出所,草屯鎮體育館及青少年活動中心出入口（博愛、中正路）及後方(第一套),0,93,93,23.808676,120.857953,0,0
63000_10901_00_123456_94,南投縣集集鎮田寮里龍泉巷25號,,草屯鎮,草屯分局,中正派出所,草屯鎮體育館及青少年活動中心出入口（博愛、中正路）及後方(第二套),0,94,94,23.834845,120.751098,0,0
63000_10901_00_123456_95,南投縣魚池鄉日月村中正路288號,,草屯鎮,草屯分局,草屯派出所,草屯鎮中興路、虎山路口,0,95,95,23.847211,120.932269,0,0
63000_10901_00_123456_96,南投縣魚池鄉頭社村平和巷145號,,南投市,中興分局,永清派出所,南投市中華路、營盤路口,0,96,96,23.833789,120.896047,0,0
63000_10901_00_123456_97,南投縣南投縣南投市光華里光華路115號,,南投市,中興分局,光明派出所,南投市祖祠路、順溪北路口(祖師橋下),0,97,97,23.950363,120.693546,0,0
63000_10901_00_123456_98,南投縣南投縣南投市光華里光華路115號,,南投市,中興分局,府西派出所,南投市向上路、營北路口,0,98,98,23.950363,120.693546,0,0
63000_10901_00_123456_99,南投縣南投縣南投市營南里南營路745號,,南投市,中興分局,光明派出所,南投市光明一路、南新路口,0,99,99,23.941446,120.678713,0,0
63000_10901_00_123456_100,南投縣南投縣南投市光明里光明路35號,,南投市,南投分局,南投派出所,南投市南鄉路、芳美路口,0,100,100,23.938887,120.697474,0,0
63000_10901_00_123456_101,南投縣南投縣南投市光輝里虎山路3號,,南投市,南投分局,南投派出所,南投市育樂路（高速公路橋下）,0,101,101,23.957568,120.68508,0,0
63000_10901_00_123456_102,南投縣南投縣南投市光輝里虎山路4號,,南投市,南投分局,半山派出所,南投市彰南路、吉利路口,0,102,102,23.86332503,120.7257298,0,0
63000_10901_00_123456_103,南投縣南投縣南投市光輝里虎山路5號,,南投市,南投分局,半山派出所,南投市成功東路、彰南路口,0,103,103,23.86266684,120.7228323,0,0
63000_10901_00_123456_104,南投縣南投縣南投市南崗2路134號,,南投市,南投分局,鳳鳴派出所,南投市鳳山里八卦路1453巷口,0,104,104,23.86200865,120.7199348,0,0
63000_10901_00_123456_105,南投縣仁愛鄉大同村信義巷29號,,南投市,南投分局,南投派出所,南投市東山路443巷口（加州陽光）,0,105,105,23.86135046,120.7170373,0,0
63000_10901_00_123456_106,南投縣仁愛鄉互助村中華路3號,,名間鄉,南投分局,名間分駐所,名間鄉台16線0K處、南雲路口,0,106,106,23.86069228,120.7141398,0,0
63000_10901_00_123456_107,南投縣仁愛鄉精英村法觀路19號,,名間鄉,南投分局,名間分駐所,名間鄉中山村名松路、名山路口,0,107,107,23.86003409,120.7112423,0,0
63000_10901_00_123456_108,南投縣南投縣南投市南崗2路133號,,名間鄉,南投分局,新佳派出所,名間鄉彰南路、大中路,0,108,108,23.8593759,120.7083448,0,0
63000_10901_00_123456_109,南投縣仁愛鄉大同村信義巷28號,,名間鄉,南投分局,崁峰派出所,名間鄉新厝路、出林虎路、名山路口,0,109,109,23.85871771,120.7054473,0,0
63000_10901_00_123456_110,南投縣仁愛鄉互助村中華路2號,,名間鄉,南投分局,赤水派出所,名間鄉竹圍村出林虎路、內寮巷口,0,110,110,23.85805952,120.7025498,0,0
63000_10901_00_123456_111,南投縣仁愛鄉精英村法觀路18號,,埔里鎮,埔里分局,埔里派出所,埔里鎮南興街與西安路口,0,111,111,23.85740133,120.6996522,0,0
63000_10901_00_123456_112,南投縣仁愛鄉大同村仁和路135號,,埔里鎮,埔里分局,鯉潭派出所,埔里鎮中華路、公園路(青田街),0,112,112,23.85674314,120.6967547,0,0
63000_10901_00_123456_113,南投縣仁愛鄉法治村界山巷4號,,埔里鎮,埔里分局,愛蘭派出所,埔里鎮梅村路59號前,0,113,113,23.85608495,120.6938572,0,0
63000_10901_00_123456_114,南投縣仁愛鄉南豐村中正路86號,,國姓鄉,埔里分局,長流派出所,國姓鄉國姓路長雙路口,0,114,114,23.85542676,120.6909597,0,0
63000_10901_00_123456_115,南投縣仁愛鄉春陽村永樂巷57號,,埔里鎮,埔里分局,鯉潭派出所,埔里鎮中山路內埔橋,0,115,115,23.85476857,120.6880622,0,0
63000_10901_00_123456_116,南投縣仁愛鄉新生村山林巷93號,,埔里鎮,埔里分局,鯉潭派出所,埔里鎮中山路與和平東路口,0,116,116,23.85411038,120.6851647,0,0
63000_10901_00_123456_117,南投縣仁愛鄉發祥村仁盛路22號,,國姓鄉,埔里分局,國姓派出所,國姓鄉國姓路柑林車站,0,117,117,23.8534522,120.6822672,0,0
63000_10901_00_123456_118,南投縣仁愛鄉力行村新望洋68號,,竹山鎮,竹山分局,社寮派出所,竹山鎮集山路一段與北勢巷口,0,118,118,23.85279401,120.6793697,0,0
63000_10901_00_123456_119,南投縣仁愛鄉互助村明月巷50號,,竹山鎮,竹山分局,社寮派出所,竹山鎮社寮集山路1段與集集攔河堰隄頂道路入口處,0,119,119,23.85213582,120.6764722,0,0
63000_10901_00_123456_120,南投縣仁愛鄉力行村華岡路1號,,竹山鎮,竹山分局,延平派出所,竹山鎮延正路與延平一路口,0,120,120,23.85147763,120.6735747,0,0
63000_10901_00_123456_121,南投縣仁愛鄉發祥村瑞和路43號,,竹山鎮,竹山分局,延平派出所,竹山鎮延平集山路三段與鹿山路口,0,121,121,23.85081944,120.6706771,0,0
63000_10901_00_123456_122,南投縣仁愛鄉萬豐村清華巷77號,,竹山鎮,竹山分局,延平派出所,竹山鎮延平集山路三段與東鄉路口,0,122,122,23.85016125,120.6677796,0,0
63000_10901_00_123456_123,南投縣仁愛鄉中正村平等巷118號,,鹿谷鄉,竹山分局,鹿谷派出所,鹿谷鄉中正路與鹿彰路口,0,123,123,23.84950306,120.6648821,0,0
63000_10901_00_123456_124,南投縣仁愛鄉榮興村6鄰碧綠巷24號,,鹿谷鄉,竹山分局,鳳凰派出所,鹿谷鄉鳳凰仁義路與麒麟路路口,0,124,124,23.84884487,120.6619846,0,0
63000_10901_00_123456_125,南投縣仁愛鄉大同村仁和路150號,,竹山鎮,竹山分局,竹山派出所,竹山鎮大智路與頂林路口,0,125,125,23.84818668,120.6590871,0,0
63000_10901_00_123456_126,南投縣仁愛鄉力行村翠巒路23號,,集集鎮,集集分局,集集派出所,集集鎮投27線與文心街口,0,126,126,23.84752849,120.6561896,0,0
63000_10901_00_123456_127,南投縣仁愛鄉親愛村高平路4號,,集集鎮,集集分局,集集派出所,集集鎮集集大橋往攔河堰附近,0,127,127,23.84687031,120.6532921,0,0
63000_10901_00_123456_128,南投縣仁愛鄉合作村平生路24號,,集集鎮,集集分局,隘寮派出所,集集鎮隘寮派出所前投152線與龍泉巷路口,0,128,128,23.84621212,120.6503946,0,0
63000_10901_00_123456_129,南投縣仁愛鄉精英村榮華巷43號,,水里鄉,集集分局,水里分駐所,水里鄉玉峰村仁愛路農會辦事處旁交叉路口,0,129,129,23.84555393,120.6474971,0,0
63000_10901_00_123456_130,南投縣仁愛鄉大同村仁和路87號,,魚池鄉,集集分局,魚池分駐所,魚池鄉台21線與投131線叉路口,0,130,130,23.84489574,120.6445995,0,0
63000_10901_00_123456_131,南投縣仁愛鄉精英村中興巷18號,,魚池鄉,集集分局,魚池分駐所,魚池鄉魚池街與投131線民眾服務處前T字路口,0,131,131,23.84423755,120.641702,0,0
63000_10901_00_123456_132,南投縣竹山鎮竹山里集山路三段968號,,集集鎮,集集分局,集集派出所,集集鎮台16線與集鹿大橋路口,0,132,132,23.84357936,120.6388045,0,0
63000_10901_00_123456_133,南投縣竹山鎮中和里前山路二段119號,,水里鄉,集集分局,水里分駐所,水里鄉台21線台16線往民和路段三叉路口,0,133,133,23.84292117,120.635907,0,0
63000_10901_00_123456_134,南投縣竹山鎮竹山里集山路三段968號,,魚池鄉,集集分局,頭社派出所,魚池鄉台21甲線與台21線交叉路口頭社,0,134,134,23.84226298,120.6330095,0,0
63000_10901_00_123456_135,南投縣鹿谷鄉竹林村光復路106號,,信義鄉,信義分局,人倫派出所,信義鄉人和人倫（台16線20.3K),0,135,135,23.84160479,120.630112,0,0
63000_10901_00_123456_136,南投縣竹山鎮集山路3段968號,,信義鄉,信義分局,新鄉派出所,信義鄉台21線筆石橋頭,0,136,136,23.8409466,120.6272145,0,0
63000_10901_00_123456_137,南投縣鹿谷鄉秀峰村仁愛路174號,,仁愛鄉,仁愛分局,中原派出所,仁愛鄉新生村投80線5.6ｋ處(舊清流檢查哨前)。,0,137,137,23.84028841,120.624317,0,0
63000_10901_00_123456_138,南投縣竹山鎮延平里集山路3段22號,,仁愛鄉,仁愛分局,廬山派出所,仁愛鄉台14線87公里處。(往廬山溫泉及廬山部落三叉路口),0,138,138,23.83963023,120.6214195,0,0
63000_10901_00_123456_139,南投縣竹山鎮社寮里集山路一段1694號,,草屯鎮,草屯分局,豐城派出所,草屯鎮中原里中和路與玉屏路口(第一組),0,139,139,23.83897204,120.618522,0,0
63000_10901_00_123456_140,南投縣竹山鎮桶頭里鯉南路319號,,草屯鎮,草屯分局,豐城派出所,草屯鎮中原里中和路玉屏路口(第二組),0,140,140,23.83831385,120.6156244,0,0
63000_10901_00_123456_141,南投縣竹山鎮秀林里頂林路399號,,草屯鎮,草屯分局,豐城派出所,草屯鎮中正路青宅巷口,0,141,141,23.83765566,120.6127269,0,0
63000_10901_00_123456_142,南投縣鹿谷鎮鹿谷村中正路2段76之6號,,草屯鎮,草屯分局,中正派出所,草屯鎮成功路與稻香路口,0,142,142,23.83699747,120.6098294,0,0
63000_10901_00_123456_143,南投縣鹿谷鄉內湖村興產路1之20號,,魚池鄉,集集分局,魚池分駐所,魚池鄉魚池街245號前,0,143,143,23.83633928,120.6069319,0,0
63000_10901_00_123456_144,南投縣竹山鎮瑞竹里鯉南路293號,,水里鄉,集集分局,水里分駐所,水里鄉永興村林明巷、大林巷口,0,144,144,23.83568109,120.6040344,0,0
63000_10901_00_123456_145,南投縣竹山鎮福興里鯉南路172號,,水里鄉,集集分局,水里分駐所,水里鄉永興村永豐巷靈德宮前,0,145,145,23.8350229,120.6011369,0,0
63000_10901_00_123456_146,南投縣鹿谷鄉鳳凰村新進巷1號,,南投市,南投分局,南投派出所,南投市文化南路、文化路口,0,146,146,23.83436471,120.5982394,0,0
63000_10901_00_123456_147,南投縣信義鄉明德村玉山路49號,,南投市,南投分局,南投派出所,南投市八卦路、嶺興路口,0,147,147,23.83370652,120.5953419,0,0
63000_10901_00_123456_148,南投縣信義鄉人和村民生巷10號,,南投市,南投分局,南投派出所,南投市集賢路、彰南路、三和三路口,0,148,148,23.83304834,120.5924444,0,0
63000_10901_00_123456_149,南投縣信義鄉望美村美信巷55號,,南投市,南投分局,南投派出所,南投市民族路、彰南路口,0,149,149,23.83239015,120.5895468,0,0
63000_10901_00_123456_150,南投縣信義鄉同富村同和巷6號,,名間鄉,南投分局,名間分駐所,名間鄉彰南路名間交流道路口,0,150,150,23.83173196,120.5866493,0,0
63000_10901_00_123456_151,南投縣信義鄉東埔村開高巷56號,,南投市,南投分局,南投派出所,南投市南崗路、南陽路口,0,151,151,23.83107377,120.5837518,0,0
63000_10901_00_123456_152,南投縣信義鄉地利村開信巷14號,,南投市,南投分局,南投派出所,南投市南陽路、復興路口,0,152,152,23.83041558,120.5808543,0,0
63000_10901_00_123456_153,南投縣信義鄉明德村玉山路49號,,南投市,南投分局,南投派出所,南投市復興路、文昌街口,0,153,153,23.82975739,120.5779568,0,0
63000_10901_00_123456_154,南投縣信義鄉新鄉村新鄉路105號,,南投市,南投分局,南投派出所,南投市中山路、民生路口,0,154,154,23.8290992,120.5750593,0,0
63000_10901_00_123456_155,南投縣信義鄉潭南村和平巷47號,,名間鄉,南投分局,新佳派出所,名間鄉彰南路、虎坑巷口,0,155,155,23.82844101,120.5721618,0,0
63000_10901_00_123456_156,南投縣信義鄉豐丘村高平巷8號,,名間鄉,南投分局,永和派出所,名間鄉南田路、籃口巷口,0,156,156,23.82778282,120.5692643,0,0
63000_10901_00_123456_157,南投縣信義鄉雙龍村光復巷33號,,南投市,中興分局,光明派出所,南投市中興路、東閔路口,0,157,157,23.82712463,120.5663668,0,0
63000_10901_00_123456_158,南投縣信義鄉羅娜村信筆巷66號,,南投市,中興分局,永清派出所,南投市營中路、東閔路、南營路口,0,158,158,23.82646644,120.5634693,0,0
63000_10901_00_123456_159,南投縣信義鄉郡大入山檢查哨,,南投市,中興分局,光明派出所,南投市大埤街、新興路口,0,159,159,23.82580826,120.5605717,0,0
63000_10901_00_123456_160,南投縣南投市三民里彰南路二段109號,,草屯鎮,草屯分局,中正派出所,草屯鎮炎峰街、東美街口,0,160,160,23.82515007,120.5576742,0,0
63000_10901_00_123456_161,南投縣南投市三民里彰南路二段109號,,草屯鎮,草屯分局,草屯派出所,草屯鎮民生路、新生路口,0,161,161,23.82449188,120.5547767,0,0
63000_10901_00_123456_162,南投縣南投市平山里彰南路3段19號,,草屯鎮,草屯分局,中正派出所,草屯鎮中正路、御富路口,0,162,162,23.82383369,120.5518792,0,0
63000_10901_00_123456_163,南投縣南投市鳳鳴里八卦路837號,,中寮鄉,草屯分局,爽文派出所,中寮鄉龍安村福德巷土地公坑,0,163,163,23.8231755,120.5489817,0,0
63000_10901_00_123456_164,南投縣名間鄉中正村彰南路30號,,中寮鄉,草屯分局,中寮分駐所,中寮鄉投17線及投17-1線路口（東勢閣）,0,164,164,23.82251731,120.5460842,0,0
63000_10901_00_123456_165,南投縣名間鄉新街村彰南路422號,,草屯鎮,草屯分局,復興派出所,草屯鎮碧山路、復興路口,0,165,165,23.82185912,120.5431867,0,0
63000_10901_00_123456_166,南投縣名間鄉崁腳村名松路1段309號,,草屯鎮,草屯分局,草屯派出所,草屯鎮虎山路、虎威巷口,0,166,166,23.82120093,120.5402892,0,0
63000_10901_00_123456_167,南投縣名間鄉赤水村南田路291號,,草屯鎮,草屯分局,新光派出所,草屯鎮博愛路、史館路口,0,167,167,23.82054274,120.5373917,0,0
63000_10901_00_123456_168,南投縣名間鄉大庄村南田路138號,,草屯鎮,草屯分局,草屯派出所,草屯鎮碧山路、仁愛街口,0,168,168,23.81988455,120.5344941,0,0
63000_10901_00_123456_169,南投縣埔里鎮中山路二段235號,,草屯鎮,草屯分局,中正派出所,草屯鎮富林路、富昌路口,0,169,169,23.81922637,120.5315966,0,0
63000_10901_00_123456_170,南投縣國姓鄉北山村中正路四段159號,,草屯鎮,草屯分局,新光派出所,草屯鎮芬草路、墩煌路口,0,170,170,23.81856818,120.5286991,0,0
63000_10901_00_123456_171,南投縣埔里鎮牛眠里西安路二段355號,,埔里鎮,埔里分局,埔里派出所,埔里鎮中正路、中山路口圓環1,0,171,171,23.81790999,120.5258016,0,0
63000_10901_00_123456_172,南投縣埔里鎮合成里西安路3段225號,,埔里鎮,埔里分局,埔里派出所,埔里鎮中正路、中山路口圓環2,0,172,172,23.8172518,120.5229041,0,0
63000_10901_00_123456_173,南投縣國姓鄉長流村大長路351號,,埔里鎮,埔里分局,愛蘭派出所,埔里台14線愛蘭橋頭往台中、魚池方向,0,173,173,23.81659361,120.5200066,0,0
63000_10901_00_123456_174,南投縣國姓鄉福龜村中正路1段157號,,埔里鎮,埔里分局,愛蘭派出所,埔里鎮國道六號愛蘭交流道口,0,174,174,23.81593542,120.5171091,0,0
63000_10901_00_123456_175,南投縣埔里鎮中山路二段235號,,埔里鎮,埔里分局,史港派出所,埔里鎮國道六號埔里交流道中正路口,0,175,175,23.81527723,120.5142116,0,0
63000_10901_00_123456_176,南投縣埔里鎮桃米里桃米巷48號,,埔里鎮,埔里分局,鯉潭派出所,埔里鎮國道六號終點,0,176,176,23.81461904,120.5113141,0,0
63000_10901_00_123456_177,南投縣國姓鄉國姓村國姓路265號,,埔里鎮,埔里分局,鯉潭派出所,埔里鎮中山路、中華路口,0,177,177,23.81396085,120.5084166,0,0
63000_10901_00_123456_178,南投縣國姓鄉北港村國姓路48號,,埔里鎮,埔里分局,埔里派出所,埔里鎮東潤路中正路口,0,178,178,23.81330266,120.505519,0,0
63000_10901_00_123456_179,南投縣埔里鎮鐵山一巷5之1號,,埔里鎮,埔里分局,埔里派出所,埔里鎮南安路、民生路口,0,179,179,23.81264447,120.5026215,0,0
63000_10901_00_123456_180,南投縣埔里鎮中山路2段85號,,埔里鎮,埔里分局,愛蘭派出所,埔里鎮鐵山路、梅村路口,0,180,180,23.81198629,120.499724,0,0
63000_10901_00_123456_181,南投縣埔里鎮南環路400號,,仁愛鄉,仁愛分局,翠峰派出所,仁愛鄉翠峰派出所前(台14甲線18公里處),0,181,181,23.8113281,120.4968265,0,0
63000_10901_00_123456_182,南投縣草屯鎮富寮里中正路571號,,仁愛鄉,仁愛分局,瑞岩派出所,仁愛鄉力行產業道路18.5公里處,0,182,182,23.81066991,120.493929,0,0
63000_10901_00_123456_183,南投縣草屯鎮上林里草溪路136之11,,鹿谷鄉,竹山分局,竹林派出所,鹿谷鄉竹豐村光復路43-10號德峰寺前,0,183,183,23.81001172,120.4910315,0,0
63000_10901_00_123456_184,南投縣中寮鄉永平村永平路282號,,鹿谷鄉,竹山分局,溪頭派出所,鹿谷鄉和雅村愛鄉路與興產路口,0,184,184,23.80935353,120.488134,0,0
63000_10901_00_123456_185,南投縣草屯鎮中山里草鞋墩1街10號,,竹山鎮,竹山分局,竹山派出所,竹山鎮雲林里大明路與大仁路路口處,0,185,185,23.80869534,120.4852365,0,0
63000_10901_00_123456_186,南投縣草屯鎮富寮里中正路571號,,竹山鎮,竹山分局,竹山派出所,竹山鎮集山路三段968號與前山路、橫街口,0,186,186,23.80803715,120.482339,0,0
63000_10901_00_123456_187,南投縣中寮鄉爽文村龍南路189之1號,,鹿谷鄉,竹山分局,鹿谷派出所,鹿谷鄉彰雅村凍頂巷,0,187,187,23.80737896,120.4794414,0,0
63000_10901_00_123456_188,南投縣草屯鎮復興里碧山路755號,,竹山鎮,竹山分局,竹山派出所,竹山鎮桂林里竹山路與中正巷路口夜市旁,0,188,188,23.80672077,120.4765439,0,0
63000_10901_00_123456_189,南投縣草屯鎮新庄里芬草路150號,,竹山鎮,竹山分局,延平派出所,竹山鎮延和里大和街與大義街路口處,0,189,189,23.80606258,120.4736464,0,0
63000_10901_00_123456_190,南投縣草屯鎮土城里中正路216號,,水里鄉,集集分局,車埕派出所,水里鄉投131線與投147線（往水里、魚池、北山坑）交叉路口,0,190,190,23.8054044,120.4707489,0,0
63000_10901_00_123456_191,南投縣草屯鎮雙冬里中正路46號,,魚池鄉,集集分局,日月潭派出所,魚池鄉水社村中正路63號（文武廟）前,0,191,191,23.80474621,120.4678514,0,0
63000_10901_00_123456_192,南投縣集集鎮民生路63號,,水里鄉,集集分局,水里分駐所,水里鄉投27線〈新城村巡守隊崗亭路口〉,0,192,192,23.80408802,120.4649539,0,0
63000_10901_00_123456_193,南投縣魚池鄉五城村五城巷24號,,魚池鄉,集集分局,德化派出所,魚池鄉台21甲線與投63線路口(德化社往潭南),0,193,193,23.80342983,120.4620564,0,0
63000_10901_00_123456_194,南投縣魚池鄉水社村中山路144號,,魚池鄉,集集分局,五城派出所,魚池鄉農會五城分部（五城巷華龍巷口）,0,194,194,23.80277164,120.4591589,0,0
63000_10901_00_123456_195,南投縣水里鄉水里村民權路86號,,魚池鄉,集集分局,魚池分駐所,魚池鄉台21線與投65線路口(香茶巷),0,195,195,23.80211345,120.4562614,0,0
63000_10901_00_123456_196,南投縣水里鄉車埕村民權巷108號,,集集鎮,集集分局,集集派出所,集集鎮台16線與八張街口,0,196,196,23.80145526,120.4533639,0,0
63000_10901_00_123456_197,南投縣魚池鄉東光村慶隆巷32號,,集集鎮,集集分局,集集派出所,集集鎮民生路八張街口,0,197,197,23.80079707,120.4504663,0,0
63000_10901_00_123456_198,南投縣水里鄉群坑村郡坑巷26號,,信義鄉,信義分局,信義派出所,信義鄉台21線信義橋與通往卅甲路口,0,198,198,23.80013888,120.4475688,0,0
63000_10901_00_123456_199,南投縣魚池鄉魚池村魚池街358號,,信義鄉,信義分局,和社派出所,信義鄉台21線109K處與草坪頭交叉路口,0,199,199,23.79948069,120.4446713,0,0
63000_10901_00_123456_200,南投縣集集鎮民生路63號,,草屯鎮,草屯分局,中正派出所,草屯鎮中山街與芬草路口,0,200,200,23.7988225,120.4417738,0,0
63000_10901_00_123456_201,南投縣集集鎮田寮里龍泉巷25號,,草屯鎮,草屯分局,中正派出所,草屯鎮中山街381巷，中山街343巷6弄12號,0,201,201,23.79816432,120.4388763,0,0
63000_10901_00_123456_202,南投縣魚池鄉日月村中正路288號,,草屯鎮,草屯分局,中正派出所,草屯鎮中山街、敦和路、明正巷口,0,202,202,23.79750613,120.4359788,0,0
63000_10901_00_123456_203,南投縣魚池鄉頭社村平和巷145號,,草屯鎮,草屯分局,中正派出所,草屯鎮平等街、自由街134巷與平等街192巷口,0,203,203,23.79684794,120.4330813,0,0
63000_10901_00_123456_204,南投縣南投縣南投市光華里光華路115號,,草屯鎮,草屯分局,中正派出所,草屯鎮博愛路與中山街口,0,204,204,23.79618975,120.4301838,0,0
63000_10901_00_123456_205,南投縣南投縣南投市光華里光華路115號,,草屯鎮,草屯分局,中正派出所,草屯鎮敦和路與大明巷口（好又多KTV前）,0,205,205,23.79553156,120.4272863,0,0
63000_10901_00_123456_206,南投縣南投縣南投市營南里南營路745號,,南投市,中興分局,中興派出所,南投市光華路與光華四路口,0,206,206,23.79487337,120.4243887,0,0
63000_10901_00_123456_207,南投縣南投縣南投市光明里光明路35號,,南投市,中興分局,中興派出所,南投市環山路與光華三路口,0,207,207,23.79421518,120.4214912,0,0
63000_10901_00_123456_208,南投縣南投縣南投市光輝里虎山路3號,,草屯鎮,草屯分局,新光派出所,草屯鎮博愛路芬草路口（草屯商工前）,0,208,208,23.79355699,120.4185937,0,0
63000_10901_00_123456_209,南投縣南投縣南投市南崗2路133號,,水里鄉,集集分局,水里分駐所,水里鄉中山路民族街路口(7-11前),0,209,209,23.7928988,120.4156962,0,0
63000_10901_00_123456_210,南投縣仁愛鄉大同村信義巷28號,,南投市,南投分局,半山派出所,南投市彰南路三段貓羅溪橋下,0,210,210,23.79224061,120.4127987,0,0
63000_10901_00_123456_211,南投縣仁愛鄉互助村中華路2號,,南投市,南投分局,南投派出所,南投市建國路、民族路口,0,211,211,23.79158243,120.4099012,0,0
63000_10901_00_123456_212,南投縣仁愛鄉精英村法觀路18號,,南投市,南投分局,南投派出所,南投市大庄路、文化南路口,0,212,212,23.79092424,120.4070037,0,0
63000_10901_00_123456_213,南投縣仁愛鄉大同村仁和路135號,,南投市,南投分局,南投派出所,南投市中興路、嘉和一路口,0,213,213,23.79026605,120.4041062,0,0
63000_10901_00_123456_214,南投縣仁愛鄉法治村界山巷4號,,南投市,南投分局,南投派出所,南投市南崗路、中興路口,0,214,214,23.78960786,120.4012087,0,0
63000_10901_00_123456_215,南投縣仁愛鄉南豐村中正路86號,,南投市,南投分局,南投派出所,南投市復興路、民族路口,0,215,215,23.78894967,120.3983112,0,0
63000_10901_00_123456_216,南投縣仁愛鄉春陽村永樂巷57號,,南投市,南投分局,半山派出所,南投市彰南路二段、復興路口,0,216,216,23.78829148,120.3954136,0,0
63000_10901_00_123456_217,南投縣仁愛鄉新生村山林巷93號,,南投市,南投分局,南投派出所,南投市彰南路、南陽路口,0,217,217,23.78763329,120.3925161,0,0
63000_10901_00_123456_218,南投縣仁愛鄉發祥村仁盛路22號,,南投市,南投分局,半山派出所,南投市南崗二路、平山二路口,0,218,218,23.7869751,120.3896186,0,0
63000_10901_00_123456_219,南投縣仁愛鄉力行村新望洋68號,,南投市,南投分局,鳳鳴派出所,南投市八卦路870巷、鳳鳴路口,0,219,219,23.78631691,120.3867211,0,0
63000_10901_00_123456_220,南投縣仁愛鄉互助村明月巷50號,,名間鄉,南投分局,名間分駐所,名間鄉南雲路、名竹路口,0,220,220,23.78565872,120.3838236,0,0
63000_10901_00_123456_221,南投縣仁愛鄉力行村華岡路1號,,名間鄉,南投分局,名間分駐所,名間鄉董門巷、庒仔巷口,0,221,221,23.78500053,120.3809261,0,0
63000_10901_00_123456_222,南投縣仁愛鄉發祥村瑞和路43號,,名間鄉,南投分局,赤水派出所,名間鄉公崎巷、皮仔寮巷口,0,222,222,23.78434235,120.3780286,0,0
63000_10901_00_123456_223,南投縣仁愛鄉萬豐村清華巷77號,,名間鄉,南投分局,永和派出所,名間鄉大庄村南田路、新大巷口,0,223,223,23.78368416,120.3751311,0,0
63000_10901_00_123456_224,南投縣仁愛鄉中正村平等巷118號,,南投市,南投分局,南投派出所,南投市復興路、玉井街口,0,224,224,23.78302597,120.3722336,0,0
63000_10901_00_123456_225,南投縣仁愛鄉榮興村6鄰碧綠巷24號,,名間鄉,南投分局,崁峰派出所,名間鄉名松路、松山街口,0,225,225,23.78236778,120.369336,0,0
63000_10901_00_123456_226,南投縣仁愛鄉大同村仁和路150號,,南投市,南投分局,半山派出所,南投市南崗三路、中華路口,0,226,226,23.78170959,120.3664385,0,0
63000_10901_00_123456_227,南投縣仁愛鄉力行村翠巒路23號,,南投市,中興分局,中興派出所,南投市光華路、中學路口,0,227,227,23.7810514,120.363541,0,0
63000_10901_00_123456_228,南投縣仁愛鄉親愛村高平路4號,,南投市,中興分局,府西派出所,南投市中正路、仁德路口,0,228,228,23.78039321,120.3606435,0,0
63000_10901_00_123456_229,南投縣仁愛鄉合作村平生路24號,,南投市,中興分局,光明派出所,南投市光榮東路二街金城社區入口,0,229,229,23.77973502,120.357746,0,0
63000_10901_00_123456_230,南投縣仁愛鄉精英村榮華巷43號,,南投市,中興分局,永清派出所,南投市南營路慶福寺前廣場,0,230,230,23.77907683,120.3548485,0,0
63000_10901_00_123456_231,南投縣仁愛鄉大同村仁和路87號,,南投市,中興分局,光明派出所,南投市新興路、光明一路口,0,231,231,23.77841864,120.351951,0,0
63000_10901_00_123456_232,南投縣仁愛鄉精英村中興巷18號,,南投市,中興分局,永清派出所,南投市南營路743巷防汛道路口,0,232,232,23.77776046,120.3490535,0,0
63000_10901_00_123456_233,南投縣竹山鎮竹山里集山路三段968號,,南投市,中興分局,府西派出所,南投市營北路101巷口,0,233,233,23.77710227,120.346156,0,0
63000_10901_00_123456_234,南投縣竹山鎮中和里前山路二段119號,,草屯鎮,草屯分局,豐城派出所,草屯鎮國道六號南埔交流道匝道口,0,234,234,23.77644408,120.3432585,0,0
63000_10901_00_123456_235,南投縣竹山鎮竹山里集山路三段968號,,草屯鎮,草屯分局,豐城派出所,草屯鎮北勢里玉屏路99號前國六交流道口,0,235,235,23.77578589,120.3403609,0,0
63000_10901_00_123456_236,南投縣鹿谷鄉竹林村光復路106號,,草屯鎮,草屯分局,中正派出所,草屯鎮登輝路與御富路口,0,236,236,23.7751277,120.3374634,0,0
63000_10901_00_123456_237,南投縣竹山鎮集山路3段968號,,草屯鎮,草屯分局,中正派出所,草屯鎮新豐路與稻香路口,0,237,237,23.77446951,120.3345659,0,0
63000_10901_00_123456_238,南投縣鹿谷鄉秀峰村仁愛路174號,,草屯鎮,草屯分局,中正派出所,草屯鎮中正路與太平路口,0,238,238,23.77381132,120.3316684,0,0
63000_10901_00_123456_239,南投縣竹山鎮延平里集山路3段22號,,草屯鎮,草屯分局,草屯派出所,草屯鎮敦和路與成功路口,0,239,239,23.77315313,120.3287709,0,0
63000_10901_00_123456_240,南投縣竹山鎮社寮里集山路一段1694號,,草屯鎮,草屯分局,草屯派出所,草屯鎮省府路、新台14乙線口（高速公路匝道口）,0,240,240,23.77249494,120.3258734,0,0
63000_10901_00_123456_241,南投縣竹山鎮桶頭里鯉南路319號,,草屯鎮,草屯分局,草屯派出所,草屯鎮碧山南路與信義街口,0,241,241,23.77183675,120.3229759,0,0
63000_10901_00_123456_242,南投縣竹山鎮秀林里頂林路399號,,草屯鎮,草屯分局,新光派出所,草屯鎮芬草路、日新街口,0,242,242,23.77117856,120.3200784,0,0
63000_10901_00_123456_243,南投縣鹿谷鎮鹿谷村中正路2段76之6號,,草屯鎮,草屯分局,草屯派出所,草屯鎮民權路、民權一街口,0,243,243,23.77052038,120.3171809,0,0
63000_10901_00_123456_244,南投縣鹿谷鄉內湖村興產路1之20號,,草屯鎮,草屯分局,復興派出所,草屯鎮碧山路727巷與草溪路747巷口,0,244,244,23.76986219,120.3142833,0,0
63000_10901_00_123456_245,南投縣竹山鎮瑞竹里鯉南路293號,,草屯鎮,草屯分局,復興派出所,草屯鎮碧興路與台76線出入口（八卦山隧道）,0,245,245,23.769204,120.3113858,0,0
63000_10901_00_123456_246,南投縣竹山鎮福興里鯉南路172號,,草屯鎮,草屯分局,雙冬派出所,草屯鎮平峰路與坪林巷口(台14線27.6k),0,246,246,23.76854581,120.3084883,0,0
63000_10901_00_123456_247,南投縣鹿谷鄉鳳凰村新進巷1號,,中寮鄉,草屯分局,上林派出所,中寮鄉永平村永平路、永安街口(加油站旁),0,247,247,23.76788762,120.3055908,0,0
63000_10901_00_123456_248,南投縣信義鄉明德村玉山路49號,,中寮鄉,草屯分局,中寮分駐所,中寮鄉湖桶路（投27線）與頂城巷口（往二尖山路）,0,248,248,23.76722943,120.3026933,0,0
63000_10901_00_123456_249,南投縣信義鄉人和村民生巷10號,,中寮鄉,草屯分局,爽文派出所,中寮鄉龍南路東山路口,0,249,249,23.76657124,120.2997958,0,0
63000_10901_00_123456_250,南投縣信義鄉望美村美信巷55號,,草屯鎮,草屯分局,上林派出所,草屯鎮草溪路與富林路三段路口,0,250,250,23.76591305,120.2968983,0,0
63000_10901_00_123456_251,南投縣信義鄉同富村同和巷6號,,草屯鎮,草屯分局,中正派出所,草屯鎮新豐路與墩煌路口（中投公路第一匝道口）,0,251,251,23.76525486,120.2940008,0,0
63000_10901_00_123456_252,南投縣信義鄉東埔村開高巷56號,,埔里鎮,埔里分局,埔里派出所,埔里鎮西寧路、南昌街圓環東北向,0,252,252,23.76459667,120.2911033,0,0
63000_10901_00_123456_253,南投縣信義鄉地利村開信巷14號,,埔里鎮,埔里分局,埔里派出所,埔里鎮西寧路、南昌街圓環西南向,0,253,253,23.76393849,120.2882058,0,0
63000_10901_00_123456_254,南投縣信義鄉明德村玉山路49號,,國姓鄉,埔里分局,長壽派出所,國姓鄉國道六號長壽交流道口,0,254,254,23.7632803,120.2853082,0,0
63000_10901_00_123456_255,南投縣信義鄉新鄉村新鄉路105號,,國姓鄉,埔里分局,北山派出所,國姓鄉國道六號北山交流道口,0,255,255,23.76262211,120.2824107,0,0
63000_10901_00_123456_256,南投縣信義鄉潭南村和平巷47號,,埔里鎮,埔里分局,鯉潭派出所,埔里鎮仁愛、八德路口,0,256,256,23.76196392,120.2795132,0,0
63000_10901_00_123456_257,南投縣信義鄉豐丘村高平巷8號,,埔里鎮,埔里分局,埔里派出所,埔里鎮中山、北環路口,0,257,257,23.76130573,120.2766157,0,0
63000_10901_00_123456_258,南投縣信義鄉雙龍村光復巷33號,,埔里鎮,埔里分局,鯉潭派出所,埔里鎮忠孝、中華路口,0,258,258,23.76064754,120.2737182,0,0
63000_10901_00_123456_259,南投縣信義鄉羅娜村信筆巷66號,,埔里鎮,埔里分局,愛蘭派出所,埔里鎮中山路三段、信義路口,0,259,259,23.75998935,120.2708207,0,0
63000_10901_00_123456_260,南投縣信義鄉郡大入山檢查哨,,埔里鎮,埔里分局,愛蘭派出所,埔里鎮中山路崎下,0,260,260,23.75933116,120.2679232,0,0
63000_10901_00_123456_261,南投縣南投市三民里彰南路二段109號,,埔里鎮,埔里分局,埔里派出所,埔里鎮中正、忠孝路口,0,261,261,23.75867297,120.2650257,0,0
63000_10901_00_123456_262,南投縣南投市三民里彰南路二段109號,,埔里鎮,埔里分局,隆生派出所,埔里鎮武界路、東潤路口,0,262,262,23.75801478,120.2621282,0,0
63000_10901_00_123456_263,南投縣南投市平山里彰南路3段19號,,埔里鎮,埔里分局,隆生派出所,埔里鎮水頭路、珠生路口,0,263,263,23.75735659,120.2592306,0,0
63000_10901_00_123456_264,南投縣南投市鳳鳴里八卦路837號,,埔里鎮,埔里分局,埔里派出所,埔里鎮南興街媽祖廟前,0,264,264,23.75669841,120.2563331,0,0
63000_10901_00_123456_265,南投縣名間鄉中正村彰南路30號,,埔里鎮,埔里分局,愛蘭派出所,埔里鎮台21線桃米巷口,0,265,265,23.75604022,120.2534356,0,0
63000_10901_00_123456_266,南投縣名間鄉新街村彰南路422號,,埔里鎮,埔里分局,桃米派出所,埔里鎮投68線種瓜路廣福宮前,0,266,266,23.75538203,120.2505381,0,0
63000_10901_00_123456_267,南投縣名間鄉崁腳村名松路1段309號,,埔里鎮,埔里分局,隆生派出所,埔里鎮珠生路33巷口（鹹菜甕往鹿篙）,0,267,267,23.75472384,120.2476406,0,0
63000_10901_00_123456_268,南投縣名間鄉赤水村南田路291號,,仁愛鄉,仁愛分局,望洋派出所,仁愛鄉望洋派出所(力行產業道路28.5公里處),0,268,268,23.75406565,120.2447431,0,0
63000_10901_00_123456_269,南投縣名間鄉大庄村南田路138號,,仁愛鄉,仁愛分局,親愛派出所,仁愛鄉親愛派出所(投83線10.2公里),0,269,269,23.75340746,120.2418456,0,0
63000_10901_00_123456_270,南投縣埔里鎮中山路二段235號,,仁愛鄉,仁愛分局,武界派出所,仁愛鄉武界派出所(投71線15公里處),0,270,270,23.75274927,120.2389481,0,0
63000_10901_00_123456_271,南投縣國姓鄉北山村中正路四段159號,,仁愛鄉,仁愛分局,榮興派出所,仁愛鄉榮興派出所前(台8線100公里處),0,271,271,23.75209108,120.2360506,0,0
63000_10901_00_123456_272,南投縣埔里鎮牛眠里西安路二段355號,,仁愛鄉,仁愛分局,過坑派出所,仁愛鄉過坑派出所(舊檢查哨前投69線4.5公里處),0,272,272,23.75143289,120.2331531,0,0
63000_10901_00_123456_273,南投縣埔里鎮合成里西安路3段225號,,竹山鎮,竹山分局,竹山派出所,竹山鎮竹山路與下橫街口,0,273,273,23.7507747,120.2302555,0,0
63000_10901_00_123456_274,南投縣國姓鄉長流村大長路351號,,竹山鎮,竹山分局,竹山派出所,竹山鎮竹山路與頂橫街口,0,274,274,23.75011651,120.227358,0,0
63000_10901_00_123456_275,南投縣國姓鄉福龜村中正路1段157號,,竹山鎮,竹山分局,竹山派出所,竹山鎮菜園路與頂橫街口,0,275,275,23.74945833,120.2244605,0,0
63000_10901_00_123456_276,南投縣埔里鎮中山路二段235號,,竹山鎮,竹山分局,竹山派出所,竹山鎮雲林路與頂橫街口,0,276,276,23.74880014,120.221563,0,0
63000_10901_00_123456_277,南投縣埔里鎮桃米里桃米巷48號,,竹山鎮,竹山分局,竹山派出所,竹山鎮公所路與前山路口,0,277,277,23.74814195,120.2186655,0,0
63000_10901_00_123456_278,南投縣國姓鄉國姓村國姓路265號,,竹山鎮,竹山分局,竹山派出所,竹山鎮育英路與大明路（山海園餐廳）旁,0,278,278,23.74748376,120.215768,0,0
63000_10901_00_123456_279,南投縣國姓鄉北港村國姓路48號,,竹山鎮,竹山分局,延平派出所,竹山鎮延山路與瑞山路口,0,279,279,23.74682557,120.2128705,0,0
63000_10901_00_123456_280,南投縣埔里鎮鐵山一巷5之1號,,竹山鎮,竹山分局,延平派出所,竹山鎮江西路與大慶街口,0,280,280,23.74616738,120.209973,0,0
63000_10901_00_123456_281,南投縣埔里鎮中山路2段85號,,竹山鎮,竹山分局,頂林派出所,竹山鎮大坑路與頂林路口,0,281,281,23.74550919,120.2070755,0,0
63000_10901_00_123456_282,南投縣埔里鎮南環路400號,,鹿谷鄉,竹山分局,鳳凰派出所,鹿谷鄉仁義路與鳯園路路口,0,282,282,23.744851,120.2041779,0,0
63000_10901_00_123456_283,南投縣草屯鎮富寮里中正路571號,,鹿谷鄉,竹山分局,秀峰派出所,鹿谷鄉仁愛路與鳯鵬巷路口,0,283,283,23.74419281,120.2012804,0,0
63000_10901_00_123456_284,南投縣草屯鎮上林里草溪路136之11,,鹿谷鄉,竹山分局,鹿谷派出所,鹿谷鄉興產路與中正一路口,0,284,284,23.74353462,120.1983829,0,0
63000_10901_00_123456_285,南投縣中寮鄉永平村永平路282號,,鹿谷鄉,竹山分局,鹿谷派出所,鹿谷鄉光復路與中正一路口,0,285,285,23.74287644,120.1954854,0,0
63000_10901_00_123456_286,南投縣草屯鎮中山里草鞋墩1街10號,,竹山鎮,竹山分局,社寮派出所,竹山鎮產業運輸大道入口(名竹大橋),0,286,286,23.74221825,120.1925879,0,0
63000_10901_00_123456_287,南投縣草屯鎮富寮里中正路571號,,竹山鎮,竹山分局,社寮派出所,竹山鎮產業運輸大道地磅管制站前,0,287,287,23.74156006,120.1896904,0,0
63000_10901_00_123456_288,南投縣中寮鄉爽文村龍南路189之1號,,魚池鄉,集集分局,東光派出所,魚池鄉台131線興善巷與東光橋口,0,288,288,23.74090187,120.1867929,0,0
63000_10901_00_123456_289,南投縣草屯鎮復興里碧山路755號,,魚池鄉,集集分局,魚池分駐所,魚池鄉投67線與投69線路口,0,289,289,23.74024368,120.1838954,0,0
63000_10901_00_123456_290,南投縣草屯鎮新庄里芬草路150號,,水里鄉,集集分局,水里分駐所,水里鄉永豐村南湖路與防汛道路路口〈水里高職旁〉,0,290,290,23.73958549,120.1809979,0,0
63000_10901_00_123456_291,南投縣草屯鎮土城里中正路216號,,水里鄉,集集分局,水里分駐所,水里鄉中正路與民生路口,0,291,291,23.7389273,120.1781004,0,0
63000_10901_00_123456_292,南投縣草屯鎮雙冬里中正路46號,,魚池鄉,集集分局,魚池分駐所,魚池鄉福興巷與東興巷口（往東光村、埔里鎮）,0,292,292,23.73826911,120.1752028,0,0
63000_10901_00_123456_293,南投縣集集鎮民生路63號,,集集鎮,集集分局,集集派出所,集集鎮民生路火車站前,0,293,293,23.73761092,120.1723053,0,0
63000_10901_00_123456_294,南投縣魚池鄉五城村五城巷24號,,水里鄉,集集分局,水里分駐所,水里鄉中山路與中正路口,0,294,294,23.73695273,120.1694078,0,0
63000_10901_00_123456_295,南投縣魚池鄉水社村中山路144號,,集集鎮,集集分局,集集派出所,集集鎮集鹿大橋台16線口,0,295,295,23.73629454,120.1665103,0,0
63000_10901_00_123456_296,南投縣水里鄉水里村民權路86號,,集集鎮,集集分局,集集派出所,集集鎮民生路與集集街口（十三目仔窯）,0,296,296,23.73563636,120.1636128,0,0
63000_10901_00_123456_297,南投縣水里鄉車埕村民權巷108號,,魚池鄉,集集分局,日月潭派出所,魚池鄉水社村中山路中興路口,0,297,297,23.73497817,120.1607153,0,0
63000_10901_00_123456_298,南投縣魚池鄉東光村慶隆巷32號,,魚池鄉,集集分局,德化派出所,魚池鄉台21線6.5k（青年活動中心入口）,0,298,298,23.73431998,120.1578178,0,0
63000_10901_00_123456_299,南投縣水里鄉群坑村郡坑巷26號,,水里鄉,集集分局,水里分駐所,水里鄉台16線頂崁巷、永豐巷通往永豐社區二處入口,0,299,299,23.73366179,120.1549203,0,0
63000_10901_00_123456_300,南投縣魚池鄉魚池村魚池街358號,,水里鄉,集集分局,郡坑派出所,水里鄉新山村台21線人倫林道路口,0,300,300,23.7330036,120.1520228,0,0
63000_10901_00_123456_301,南投縣集集鎮民生路63號,,集集鎮,集集分局,隘寮派出所,集集鎮投152線與樂園巷口,0,301,301,23.73234541,120.1491252,0,0
63000_10901_00_123456_302,南投縣集集鎮田寮里龍泉巷25號,,信義鄉,信義分局,東埔派出所,信義鄉東埔村五鄰叉路口（往東玉軒、八通關山產前叉路口）,0,302,302,23.73168722,120.1462277,0,0
63000_10901_00_123456_303,南投縣魚池鄉日月村中正路288號,,信義鄉,信義分局,久美派出所,信義鄉台21線（99公里處）往羅娜村加油站前交叉路口,0,303,303,23.73102903,120.1433302,0,0
63000_10901_00_123456_304,南投縣魚池鄉頭社村平和巷145號,,信義鄉,信義分局,青雲派出所,信義鄉台16線青雲檢查所前,0,304,304,23.73037084,120.1404327,0,0
63000_10901_00_123456_305,南投縣南投縣南投市光華里光華路115號,,信義鄉,信義分局,東埔派出所,信義鄉東埔村四鄰叉路口（往沙里仙、東埔方向）,0,305,305,23.72971265,120.1375352,0,0
63000_10901_00_123456_306,南投縣南投縣南投市光華里光華路115號,,信義鄉,信義分局,信義派出所,信義鄉投59線愛國村愛國橋（西邊）通往風櫃斗與木瓜坑交叉路口,0,306,306,23.72905447,120.1346377,0,0
63000_10901_00_123456_307,南投縣南投縣南投市營南里南營路745號,,南投市,南投分局,半山派出所,南投市仁和路、同源路口,0,307,307,23.72839628,120.1317402,0,0
63000_10901_00_123456_308,南投縣南投縣南投市光明里光明路35號,,南投市,中興分局,光明派出所,南投市內興路、中興路口,0,308,308,23.72773809,120.1288427,0,0
63000_10901_00_123456_309,南投縣南投縣南投市光輝里虎山路3號,,南投市,南投分局,半山派出所,南投市中華路、華陽路口,0,309,309,23.7270799,120.1259452,0,0
63000_10901_00_123456_310,南投縣南投縣南投市南崗2路133號,,南投市,中興分局,永清派出所,南投市營盤路260巷口,0,310,310,23.72642171,120.1230477,0,0
63000_10901_00_123456_311,南投縣仁愛鄉大同村信義巷28號,,草屯鎮,草屯分局,草屯派出所,草屯鎮太平路與中興路口,0,311,311,23.72576352,120.1201501,0,0
63000_10901_00_123456_312,南投縣仁愛鄉互助村中華路2號,,埔里鎮,埔里分局,史港派出所,埔里鎮牛眠橋北端國道六號東端出口,0,312,312,23.72510533,120.1172526,0,0
63000_10901_00_123456_313,南投縣仁愛鄉精英村法觀路18號,,竹山鎮,竹山分局,竹山派出所,竹山鎮頂林路與鯉南路、埔頭街交叉口,0,313,313,23.72444714,120.1143551,0,0
63000_10901_00_123456_314,南投縣仁愛鄉大同村仁和路135號,,水里鄉,集集分局,水里分駐所,水里鄉頂崁三岔路口,0,314,314,23.72378895,120.1114576,0,0
63000_10901_00_123456_315,南投縣仁愛鄉法治村界山巷4號,,信義鄉,信義分局,羅娜派出所,信義鄉羅娜村圓環處,0,315,315,23.72313076,120.1085601,0,0
63000_10901_00_123456_316,南投縣仁愛鄉南豐村中正路86號,,南投市,南投分局,南投派出所,南投市民族路、中興路、芳美路口,0,316,316,23.72247257,120.1056626,0,0
63000_10901_00_123456_317,南投縣仁愛鄉春陽村永樂巷57號,,南投市,南投分局,半山派出所,南投市成功三路、彰南路三段路口,0,317,317,23.72181439,120.1027651,0,0
63000_10901_00_123456_318,南投縣仁愛鄉新生村山林巷93號,,南投市,南投分局,鳳鳴派出所,南投市八德路、猴探井街口,0,318,318,23.7211562,120.0998676,0,0
63000_10901_00_123456_319,南投縣仁愛鄉發祥村仁盛路22號,,名間鄉,南投分局,新佳派出所,名間鄉彰南路、大埔巷口,0,319,319,23.72049801,120.0969701,0,0
63000_10901_00_123456_320,南投縣仁愛鄉力行村新望洋68號,,名間鄉,南投分局,崁峰派出所,名間鄉豐柏路、二水路口,0,320,320,23.71983982,120.0940725,0,0
63000_10901_00_123456_321,南投縣仁愛鄉互助村明月巷50號,,名間鄉,南投分局,永和派出所,名間鄉田仔巷、蓮蕉巷口,0,321,321,23.71918163,120.091175,0,0
63000_10901_00_123456_322,南投縣仁愛鄉力行村華岡路1號,,南投市,南投分局,南投派出所,南投市信義街、育樂路口,0,322,322,23.71852344,120.0882775,0,0
63000_10901_00_123456_323,南投縣仁愛鄉發祥村瑞和路43號,,南投市,南投分局,半山派出所,南投市南崗二路、祖祠路口,0,323,323,23.71786525,120.08538,0,0
63000_10901_00_123456_324,南投縣仁愛鄉萬豐村清華巷77號,,南投市,南投分局,南投派出所,南投市復興路、三和二路口,0,324,324,23.71720706,120.0824825,0,0
63000_10901_00_123456_325,南投縣仁愛鄉中正村平等巷118號,,南投市,中興分局,府西派出所,南投市中興新村省府圓環(牌樓),0,325,325,23.71654887,120.079585,0,0
63000_10901_00_123456_326,南投縣仁愛鄉榮興村6鄰碧綠巷24號,,南投市,中興分局,光明派出所,南投市中正路、光明一路口,0,326,326,23.71589068,120.0766875,0,0
63000_10901_00_123456_327,南投縣仁愛鄉大同村仁和路150號,,草屯鎮,草屯分局,雙冬派出所,草屯鎮台14線新舊中正路口,0,327,327,23.7152325,120.07379,0,0
63000_10901_00_123456_328,南投縣仁愛鄉力行村翠巒路23號,,草屯鎮,草屯分局,復興派出所,草屯鎮碧山路溪頭橋(橋頭),0,328,328,23.71457431,120.0708925,0,0
63000_10901_00_123456_329,南投縣仁愛鄉親愛村高平路4號,,草屯鎮,草屯分局,草屯派出所,草屯鎮山腳里民權一街與民權一街109巷口,0,329,329,23.71391612,120.067995,0,0
63000_10901_00_123456_330,南投縣仁愛鄉合作村平生路24號,,草屯鎮,草屯分局,草屯派出所,草屯鎮太平路二段、明賢街口,0,330,330,23.71325793,120.0650974,0,0
63000_10901_00_123456_331,南投縣仁愛鄉精英村榮華巷43號,,中寮鄉,草屯分局,中寮分駐所,中寮鄉福盛村永樂路、福山巷口,0,331,331,23.71259974,120.0621999,0,0
63000_10901_00_123456_332,南投縣仁愛鄉大同村仁和路87號,,草屯鎮,草屯分局,南投派出所,草屯鎮芬草路三段與國道三號匝道口,0,332,332,23.71194155,120.0593024,0,0
63000_10901_00_123456_333,南投縣仁愛鄉精英村中興巷18號,,草屯鎮,草屯分局,草屯派出所,草屯鎮虎山路、育英街口,0,333,333,23.71128336,120.0564049,0,0
63000_10901_00_123456_334,南投縣竹山鎮竹山里集山路三段968號,,仁愛鄉,仁愛分局,華崗派出所,仁愛鄉翠華村華崗119-2號(華崗派出所前),0,334,334,23.71062517,120.0535074,0,0
63000_10901_00_123456_335,南投縣竹山鎮中和里前山路二段119號,,仁愛鄉,仁愛分局,南豐派出所,仁愛鄉台14線71.5公里中正路、松原巷口(南豐派出所),0,335,335,23.70996698,120.0506099,0,0
63000_10901_00_123456_336,南投縣竹山鎮竹山里集山路三段968號,,仁愛鄉,仁愛分局,平靜派出所,仁愛鄉投85線6公里處(平靜派出所前),0,336,336,23.70930879,120.0477124,0,0
63000_10901_00_123456_337,南投縣鹿谷鄉竹林村光復路106號,,仁愛鄉,仁愛分局,武界派出所,仁愛鄉投83線19.2公里處(萬豐村),0,337,337,23.7086506,120.0448149,0,0
63000_10901_00_123456_338,南投縣竹山鎮集山路3段968號,,埔里鎮,埔里分局,愛蘭派出所,埔里鎮中山路三段、大城路口,0,338,338,23.70799242,120.0419174,0,0
63000_10901_00_123456_339,南投縣鹿谷鄉秀峰村仁愛路174號,,埔里鎮,埔里分局,埔里派出所,埔里鎮西安路、南昌街口,0,339,339,23.70733423,120.0390198,0,0
63000_10901_00_123456_340,南投縣竹山鎮延平里集山路3段22號,,埔里鎮,埔里分局,埔里派出所,埔里鎮東榮路、南盛街口,0,340,340,23.70667604,120.0361223,0,0
63000_10901_00_123456_341,南投縣竹山鎮社寮里集山路一段1694號,,埔里鎮,埔里分局,埔里派出所,埔里鎮南興街、民生路口,0,341,341,23.70601785,120.0332248,0,0
63000_10901_00_123456_342,南投縣竹山鎮桶頭里鯉南路319號,,埔里鎮,埔里分局,鯉潭派出所,埔里鎮中山路一段、信義路口(地理中心碑),0,342,342,23.70535966,120.0303273,0,0
63000_10901_00_123456_343,南投縣竹山鎮秀林里頂林路399號,,埔里鎮,埔里分局,鯉潭派出所,埔里鎮中華路、八德路口,0,343,343,23.70470147,120.0274298,0,0
63000_10901_00_123456_344,南投縣鹿谷鎮鹿谷村中正路2段76之6號,,埔里鎮,埔里分局,埔里派出所,埔里鎮西安路一段、北辰街口,0,344,344,23.70404328,120.0245323,0,0
63000_10901_00_123456_345,南投縣鹿谷鄉內湖村興產路1之20號,,埔里鎮,埔里分局,埔里派出所,埔里鎮中正路、樹人路口,0,345,345,23.70338509,120.0216348,0,0
63000_10901_00_123456_346,南投縣竹山鎮瑞竹里鯉南路293號,,埔里鎮,埔里分局,埔里派出所,埔里鎮中正路、東華路口,0,346,346,23.7027269,120.0187373,0,0
63000_10901_00_123456_347,南投縣竹山鎮福興里鯉南路172號,,埔里鎮,埔里分局,埔里派出所,埔里鎮中山路三段、西康路口,0,347,347,23.70206871,120.0158398,0,0
63000_10901_00_123456_348,南投縣鹿谷鄉鳳凰村新進巷1號,,國姓鄉,埔里分局,長壽派出所,國姓鄉台136線中西巷半路店,0,348,348,23.70141053,120.0129423,0,0
63000_10901_00_123456_349,南投縣信義鄉明德村玉山路49號,,埔里鎮,埔里分局,愛蘭派出所,埔里鎮籃城里活動中心前,0,349,349,23.70075234,120.0100447,0,0
63000_10901_00_123456_350,南投縣信義鄉人和村民生巷10號,,埔里鎮,埔里分局,埔里派出所,埔里鎮南興街、隆生路口,0,350,350,23.70009415,120.0071472,0,0
63000_10901_00_123456_351,南投縣信義鄉望美村美信巷55號,,竹山鎮,竹山分局,竹山派出所,竹山鎮大明路、枋坪巷口,0,351,351,23.69943596,120.0042497,0,0
63000_10901_00_123456_352,南投縣信義鄉同富村同和巷6號,,竹山鎮,竹山分局,延平派出所,竹山鎮集山路、瑞竹巷口,0,352,352,23.69877777,120.0013522,0,0
63000_10901_00_123456_353,南投縣信義鄉東埔村開高巷56號,,竹山鎮,竹山分局,延平派出所,竹山鎮集山路二段、保甲路口,0,353,353,23.69811958,119.9984547,0,0
63000_10901_00_123456_354,南投縣信義鄉地利村開信巷14號,,鹿谷鄉,竹山分局,竹林派出所,鹿谷鄉光復路、中湖巷口,0,354,354,23.69746139,119.9955572,0,0
63000_10901_00_123456_355,南投縣信義鄉明德村玉山路49號,,鹿谷鄉,竹山分局,秀峰派出所,鹿谷鄉仁愛路、瑞田巷口,0,355,355,23.6968032,119.9926597,0,0
63000_10901_00_123456_356,南投縣信義鄉新鄉村新鄉路105號,,魚池鄉,集集分局,魚池分駐所,魚池鄉大雁村投131線文正巷口,0,356,356,23.69614501,119.9897622,0,0
63000_10901_00_123456_357,南投縣信義鄉潭南村和平巷47號,,水里鄉,集集分局,水里分駐所,水里鄉中山路、博愛路口,0,357,357,23.69548682,119.9868647,0,0
63000_10901_00_123456_358,南投縣信義鄉豐丘村高平巷8號,,集集鎮,集集分局,集集派出所,集集鎮民生路、初中街口,0,358,358,23.69482863,119.9839671,0,0
63000_10901_00_123456_359,南投縣信義鄉雙龍村光復巷33號,,魚池鄉,集集分局,東光派出所,魚池鄉東光村慶隆巷、興善巷口,0,359,359,23.69417045,119.9810696,0,0
63000_10901_00_123456_360,南投縣信義鄉羅娜村信筆巷66號,,水里鄉,集集分局,車埕派出所,水里鄉投147線10.5公里處(港源基地台),0,360,360,23.69351226,119.9781721,0,0
63000_10901_00_123456_361,南投縣信義鄉郡大入山檢查哨,,信義鄉,信義分局,雙龍派出所,信義鄉雙龍派出所前交叉路口,0,361,361,23.69285407,119.9752746,0,0
63000_10901_00_123456_362,南投縣南投市三民里彰南路二段109號,,信義鄉,信義分局,豐丘派出所,信義鄉豐丘橋頭往舊敦福路叉路口,0,362,362,23.69219588,119.9723771,0,0
63000_10901_00_123456_363,南投縣南投市三民里彰南路二段109號,,南投市,南投分局,南投派出所,南投市東山里投22-1線0公里處叉路口,0,363,363,23.69153769,119.9694796,0,0
63000_10901_00_123456_364,南投縣南投市平山里彰南路3段19號,,南投市,南投分局,南投派出所,南投市文化路、民族路口,0,364,364,23.6908795,119.9665821,0,0
63000_10901_00_123456_365,南投縣南投市鳳鳴里八卦路837號,,名間鄉,南投分局,名間分駐所,名間鄉彰南路、名松路口,0,365,365,23.69022131,119.9636846,0,0
63000_10901_00_123456_366,南投縣名間鄉中正村彰南路30號,,南投市,中興分局,中興派出所,南投市中學西路、中正路口,0,366,366,23.68956312,119.9607871,0,0
63000_10901_00_123456_367,南投縣名間鄉新街村彰南路422號,,南投市,中興分局,永清派出所,南投市南營路380巷、452巷與新興路口,0,367,367,23.68890493,119.9578896,0,0
63000_10901_00_123456_368,南投縣名間鄉崁腳村名松路1段309號,,草屯鎮,草屯分局,豐城派出所,草屯鎮南坪路36號路口,0,368,368,23.68824674,119.954992,0,0
63000_10901_00_123456_369,南投縣名間鄉赤水村南田路291號,,草屯鎮,草屯分局,中正派出所,草屯鎮芬草路、忠孝街口,0,369,369,23.68758856,119.9520945,0,0
63000_10901_00_123456_370,南投縣名間鄉大庄村南田路138號,,草屯鎮,草屯分局,草屯派出所,草屯鎮太平路一段、民權路口,0,370,370,23.68693037,119.949197,0,0
63000_10901_00_123456_371,南投縣埔里鎮中山路二段235號,,埔里鎮,埔里分局,埔里派出所,埔里鎮中山路二段、北澤街口,0,371,371,23.68627218,119.9462995,0,0
63000_10901_00_123456_372,南投縣國姓鄉北山村中正路四段159號,,埔里鎮,埔里分局,埔里派出所,埔里鎮東榮路、北辰街口,0,372,372,23.68561399,119.943402,0,0
63000_10901_00_123456_373,南投縣埔里鎮牛眠里西安路二段355號,,埔里鎮,埔里分局,愛蘭派出所,埔里鎮信義路、大城路口,0,373,373,23.6849558,119.9405045,0,0
63000_10901_00_123456_374,南投縣埔里鎮合成里西安路3段225號,,埔里鎮,埔里分局,鯉潭派出所,埔里鎮西安路一段、八德路口,0,374,374,23.68429761,119.937607,0,0
63000_10901_00_123456_375,南投縣國姓鄉長流村大長路351號,,鹿谷鄉,竹山分局,竹林派出所,鹿谷鄉田頭巷34號交叉路口,0,375,375,23.68363942,119.9347095,0,0
63000_10901_00_123456_376,南投縣國姓鄉福龜村中正路1段157號,,鹿谷鄉,竹山分局,鹿谷派出所,鹿谷鄉仁愛路、水頭巷口,0,376,376,23.68298123,119.931812,0,0
63000_10901_00_123456_377,南投縣埔里鎮中山路二段235號,,魚池鄉,集集分局,魚池分駐所,魚池鄉中明村台21線文化巷口,0,377,377,23.68232304,119.9289144,0,0
63000_10901_00_123456_378,南投縣埔里鎮桃米里桃米巷48號,,水里鄉,集集分局,水里分駐所,水里鄉民權路、民生路口(水里火車站前),0,378,378,23.68166485,119.9260169,0,0
63000_10901_00_123456_379,南投縣國姓鄉國姓村國姓路265號,,信義鄉,信義分局,青雲派出所,信義鄉地利村台16線30.1公里處叉路口,0,379,379,23.68100666,119.9231194,0,0
63000_10901_00_123456_380,南投縣國姓鄉北港村國姓路48號,,仁愛鄉,仁愛分局,霧社派出所,仁愛鄉大同村仁和路87號霧社派出所前,0,380,380,23.68034848,119.9202219,0,0
63000_10901_00_123456_381,南投縣埔里鎮鐵山一巷5之1號,,仁愛鄉,仁愛分局,武界派出所,仁愛鄉投83線22.1公里處(萬豐舊部落前),0,381,381,23.67969029,119.9173244,0,0
63000_10901_00_123456_382,南投縣埔里鎮中山路2段85號,,南投市,中興分局,府西派出所,南投市中學西路、營北路口,0,382,382,23.6790321,119.9144269,0,0
63000_10901_00_123456_383,南投縣埔里鎮南環路400號,,中寮鄉,草屯分局,中寮分駐所,中寮鄉永安街、復興巷口,0,383,383,23.67837391,119.9115294,0,0
63000_10901_00_123456_384,南投縣草屯鎮富寮里中正路571號,,信義鄉,信義分局,和社派出所,信義鄉台21線100.4公里處,0,384,384,23.67771572,119.9086319,0,0
63000_10901_00_123456_385,南投縣草屯鎮上林里草溪路136之11,,南投市,南投分局,南投派出所,南投市南崗一路、集賢路口,0,385,385,23.67705753,119.9057344,0,0
63000_10901_00_123456_386,南投縣中寮鄉永平村永平路282號,,南投市,南投分局,南投派出所,南投市中興路、民族路口,0,386,386,23.67639934,119.9028369,0,0
63000_10901_00_123456_387,南投縣草屯鎮中山里草鞋墩1街10號,,南投市,南投分局,半山派出所,南投市南崗三路、成功三路口,0,387,387,23.67574115,119.8999393,0,0
63000_10901_00_123456_388,南投縣草屯鎮富寮里中正路571號,,南投市,南投分局,南投派出所,南投市彰南路一段、民生街口（圓環）,0,388,388,23.67508296,119.8970418,0,0
63000_10901_00_123456_389,南投縣中寮鄉爽文村龍南路189之1號,,南投市,南投分局,南投派出所,南投市育樂路、芳美路口（綠美橋西邊）,0,389,389,23.67442477,119.8941443,0,0
63000_10901_00_123456_390,南投縣草屯鎮復興里碧山路755號,,南投市,南投分局,半山派出所,南投市彰南路三段、中華路口,0,390,390,23.67376659,119.8912468,0,0
63000_10901_00_123456_391,南投縣草屯鎮新庄里芬草路150號,,南投市,南投分局,半山派出所,南投市平山一路四街與平山二路口,0,391,391,23.6731084,119.8883493,0,0
63000_10901_00_123456_392,南投縣草屯鎮土城里中正路216號,,埔里鎮,埔里分局,埔里派出所,埔里鎮中正路、八德路口,0,392,392,23.67245021,119.8854518,0,0
63000_10901_00_123456_393,南投縣草屯鎮雙冬里中正路46號,,埔里鎮,埔里分局,埔里派出所,埔里鎮中正路、仁愛路口,0,393,393,23.67179202,119.8825543,0,0
63000_10901_00_123456_394,南投縣集集鎮民生路63號,,埔里鎮,埔里分局,鯉潭派出所,埔里鎮北安路、六合路口,0,394,394,23.67113383,119.8796568,0,0
63000_10901_00_123456_395,南投縣魚池鄉五城村五城巷24號,,埔里鎮,埔里分局,埔里派出所,埔里鎮中正路、東榮路口,0,395,395,23.67047564,119.8767593,0,0
63000_10901_00_123456_396,南投縣魚池鄉水社村中山路144號,,埔里鎮,埔里分局,埔里派出所,埔里鎮信義路、中正路口（增設1組）,0,396,396,23.66981745,119.8738617,0,0
63000_10901_00_123456_397,南投縣水里鄉水里村民權路86號,,埔里鎮,埔里分局,鯉潭派出所,埔里鎮信義路、西安路口（增設1組）,0,397,397,23.66915926,119.8709642,0,0
63000_10901_00_123456_398,南投縣水里鄉車埕村民權巷108號,,埔里鎮,埔里分局,埔里派出所,埔里鎮河南路、新生路口,0,398,398,23.66850107,119.8680667,0,0
63000_10901_00_123456_399,南投縣魚池鄉東光村慶隆巷32號,,草屯鎮,草屯分局,中正派出所,草屯鎮中正路烏溪橋頭、大乘路口,0,399,399,23.66784288,119.8651692,0,0
63000_10901_00_123456_400,南投縣水里鄉群坑村郡坑巷26號,,草屯鎮,草屯分局,草屯派出所,草屯鎮虎山路、富林路口,0,400,400,23.66718469,119.8622717,0,0
63000_10901_00_123456_401,南投縣魚池鄉魚池村魚池街358號,,草屯鎮,草屯分局,新光派出所,草屯鎮敦煌路一段、石川路口,0,401,401,23.66652651,119.8593742,0,0
63000_10901_00_123456_402,南投縣集集鎮民生路63號,,草屯鎮,草屯分局,中正派出所,草屯鎮成功路、博愛路口,0,402,402,23.66586832,119.8564767,0,0
63000_10901_00_123456_403,南投縣集集鎮田寮里龍泉巷25號,,草屯鎮,草屯分局,復興派出所,草屯鎮碧興路一段、碧山路口（東西向）,0,403,403,23.66521013,119.8535792,0,0
63000_10901_00_123456_404,南投縣魚池鄉日月村中正路288號,,集集鎮,集集分局,隘寮派出所,集集鎮台16線4K＋800公尺處,0,404,404,23.66455194,119.8506817,0,0
63000_10901_00_123456_405,南投縣魚池鄉頭社村平和巷145號,,水里鄉,集集分局,郡坑派出所,水里鄉台21線、三部巷口,0,405,405,23.66389375,119.8477842,0,0
63000_10901_00_123456_406,南投縣南投縣南投市光華里光華路115號,,魚池鄉,集集分局,東光派出所,魚池鄉共和村五馬巷、碧山巷口,0,406,406,23.66323556,119.8448866,0,0
63000_10901_00_123456_407,南投縣南投縣南投市光華里光華路115號,,竹山鎮,竹山分局,中和派出所,竹山鎮集山路三段、南雲橋頭,0,407,407,23.66257737,119.8419891,0,0
63000_10901_00_123456_408,南投縣南投縣南投市營南里南營路745號,,竹山鎮,竹山分局,社寮派出所,竹山鎮集山路一段與富州巷口,0,408,408,23.66191918,119.8390916,0,0
63000_10901_00_123456_409,南投縣南投縣南投市光明里光明路35號,,竹山鎮,竹山分局,延平派出所,竹山鎮集山路三段與大明路口(增設1組),0,409,409,23.66126099,119.8361941,0,0
63000_10901_00_123456_410,南投縣南投縣南投市光輝里虎山路3號,,南投市,中興分局,中興派出所,南投市光榮東路、光榮東路一街口（長春公園）,0,410,410,23.6606028,119.8332966,0,0
63000_10901_00_123456_411,南投縣南投縣南投市南崗2路133號,,南投市,中興分局,光明派出所,南投市中興路、東閔路口,0,411,411,23.65994462,119.8303991,0,0
63000_10901_00_123456_412,南投縣仁愛鄉大同村信義巷28號,,南投市,中興分局,府西派出所,南投市省府路、省府一路口,0,412,412,23.65928643,119.8275016,0,0
63000_10901_00_123456_413,南投縣仁愛鄉互助村中華路2號,,仁愛鄉,仁愛分局,中原派出所,仁愛鄉投80線4公里處（往五票坑與埔里交界處）,0,413,413,23.65862824,119.8246041,0,0
63000_10901_00_123456_414,南投縣仁愛鄉精英村法觀路18號,,水里鄉,集集分局,水里分駐所,水里鄉民和村忠信巷、益則坑路口,0,414,414,23.65797005,119.8217066,0,0
63000_10901_00_123456_415,南投縣仁愛鄉大同村仁和路135號,,水里鄉,集集分局,水里分駐所,水里鄉民權路、民生路口(影像報案),0,415,415,23.65731186,119.818809,0,0
63000_10901_00_123456_416,南投縣仁愛鄉法治村界山巷4號,,南投市,南投分局,南投派出所,南投市南崗路與中興路口(南基醫院旁),0,416,416,23.65665367,119.8159115,0,0
63000_10901_00_123456_417,南投縣仁愛鄉南豐村中正路86號,,南投市,南投分局,南投派出所,南投市中興路807巷,0,417,417,23.65599548,119.813014,0,0
63000_10901_00_123456_418,南投縣仁愛鄉春陽村永樂巷57號,,名間鄉,南投分局,新佳派出所,名間鄉彰南路、大埔巷口,0,418,418,23.65533729,119.8101165,0,0
63000_10901_00_123456_419,南投縣仁愛鄉新生村山林巷93號,,信義鄉,信義分局,新鄉派出所,信義鄉舊台21線十八重溪橋北端T型路口處,0,419,419,23.6546791,119.807219,0,0
63000_10901_00_123456_420,南投縣仁愛鄉發祥村仁盛路22號,,竹山鎮,竹山分局,延平派出所,竹山鎮江西路與河堤道路口,0,420,420,23.65402091,119.8043215,0,0
63000_10901_00_123456_421,南投縣仁愛鄉力行村新望洋68號,,竹山鎮,竹山分局,延平派出所,竹山鎮集山路二段與保甲路口,0,421,421,23.65336272,119.801424,0,0
63000_10901_00_123456_422,南投縣仁愛鄉互助村明月巷50號,,鹿谷鄉,竹山分局,溪頭派出所,鹿谷鄉興產路與溪山路口(溪頭入園處),0,422,422,23.65270454,119.7985265,0,0
63000_10901_00_123456_423,南投縣仁愛鄉力行村華岡路1號,,埔里鎮,埔里分局,愛蘭派出所,埔里鎮中山路一段與九芎路口,0,423,423,23.65204635,119.795629,0,0
63000_10901_00_123456_424,南投縣仁愛鄉發祥村瑞和路43號,,埔里鎮,埔里分局,愛蘭派出所,埔里鎮雙吉路與三勰路口,0,424,424,23.65138816,119.7927315,0,0
63000_10901_00_123456_425,南投縣仁愛鄉萬豐村清華巷77號,,草屯鎮,草屯分局,中正派出所,草屯鎮大覺路大覺橋,0,425,425,23.65072997,119.7898339,0,0
63000_10901_00_123456_426,南投縣仁愛鄉中正村平等巷118號,,魚池鄉,集集分局,魚池分駐所,魚池鄉台21線與131線通文巷口,0,426,426,23.65007178,119.7869364,0,0
63000_10901_00_123456_427,南投縣仁愛鄉榮興村6鄰碧綠巷24號,,集集鎮,集集分局,集集派出所,集集鎮林尾橋,0,427,427,23.64941359,119.7840389,0,0
63000_10901_00_123456_428,南投縣仁愛鄉大同村仁和路150號,,草屯鎮,草屯分局,新光派出所,草屯鎮新豐路與稻香路口,0,428,428,23.6487554,119.7811414,0,0
63000_10901_00_123456_429,南投縣仁愛鄉力行村翠巒路23號,,中寮鄉,草屯分局,爽文派出所,中寮鄉爽文村龍南路內城橋頭,0,429,429,23.64809721,119.7782439,0,0
63000_10901_00_123456_430,南投縣仁愛鄉親愛村高平路4號,,名間鄉,南投分局,名間分駐所,名間鄉員集路、名竹路口(台16線0公里處),0,430,430,23.64743902,119.7753464,0,0
63000_10901_00_123456_431,南投縣仁愛鄉合作村平生路24號,,南投市,中興分局,中興派出所,南投市中正路、光華二路口,0,431,431,23.64678083,119.7724489,0,0
63000_10901_00_123456_432,南投縣仁愛鄉精英村榮華巷43號,,草屯鎮,草屯分局,中正派出所,草屯鎮虎山路明賢路口,0,432,432,23.64612264,119.7695514,0,0
63000_10901_00_123456_433,南投縣仁愛鄉大同村仁和路87號,,南投市,南投分局,南投派出所,南投市復興路、三和一路口,0,433,433,23.64546446,119.7666539,0,0
63000_10901_00_123456_434,南投縣仁愛鄉精英村中興巷18號,,南投市,南投分局,南投派出所,南投市中興路與東山路口,0,434,434,23.64480627,119.7637563,0,0
63000_10901_00_123456_435,南投縣竹山鎮竹山里集山路三段968號,,南投市,南投分局,半山派出所,南投市祖祠東路與復興路、華陽路口,0,435,435,23.64414808,119.7608588,0,0
63000_10901_00_123456_436,南投縣竹山鎮中和里前山路二段119號,,南投市,南投分局,南投派出所,南投市民族路、中興路、芳美路口,0,436,436,23.64348989,119.7579613,0,0
63000_10901_00_123456_437,南投縣竹山鎮竹山里集山路三段968號,,南投市,中興分局,中興派出所,南投市中正路、仁德路口,0,437,437,23.6428317,119.7550638,0,0
63000_10901_00_123456_438,南投縣鹿谷鄉竹林村光復路106號,,南投市,中興分局,光明派出所,南投市內興路、中興路口,0,438,438,23.64217351,119.7521663,0,0
63000_10901_00_123456_439,南投縣竹山鎮集山路3段968號,,中寮鄉,草屯分局,爽文派出所,中寮鄉龍南路長源隧道口,0,439,439,23.64151532,119.7492688,0,0
63000_10901_00_123456_440,南投縣鹿谷鄉秀峰村仁愛路174號,,草屯鎮,草屯分局,草屯派出所,草屯鎮太平路與中興路口,0,440,440,23.64085713,119.7463713,0,0
63000_10901_00_123456_441,南投縣竹山鎮延平里集山路3段22號,,鹿谷鄉,竹山分局,鳳凰派出所,鹿谷鄉鳳凰仁義路與麒麟路路口,0,441,441,23.64019894,119.7434738,0,0
63000_10901_00_123456_442,南投縣竹山鎮社寮里集山路一段1694號,,草屯鎮,草屯分局,豐城派出所,草屯鎮北勢里玉屏路99號前國六交流道口,0,442,442,23.63954075,119.7405763,0,0
63000_10901_00_123456_443,南投縣竹山鎮桶頭里鯉南路319號,,南投市,南投分局,南投派出所,南投市神木社區內監控設施點,0,443,443,23.63888257,119.7376788,0,0
63000_10901_00_123456_444,南投縣竹山鎮秀林里頂林路399號,,南投市,南投分局,南投派出所,南投市神木社區聯外道路路口1,0,444,444,23.63822438,119.7347812,0,0
63000_10901_00_123456_445,南投縣鹿谷鎮鹿谷村中正路2段76之6號,,南投市,南投分局,南投派出所,南投市神木社區聯外道路路口2,0,445,445,23.63756619,119.7318837,0,0
63000_10901_00_123456_446,南投縣鹿谷鄉內湖村興產路1之20號,,南投市,南投分局,南投派出所,南投市神木社區聯外道路路口3,0,446,446,23.636908,119.7289862,0,0
63000_10901_00_123456_447,南投縣竹山鎮瑞竹里鯉南路293號,,名間鄉,南投分局,新佳派出所,南投名間新街橋,0,447,447,23.63624981,119.7260887,0,0
63000_10901_00_123456_448,南投縣竹山鎮福興里鯉南路172號,,南投市,南投分局,南投派出所,南投縣政府大門口,0,448,448,23.63559162,119.7231912,0,0
63000_10901_00_123456_449,南投縣鹿谷鄉鳳凰村新進巷1號,,南投市,南投分局,半山派出所,南投市福興里彰南路三段880巷,0,449,449,23.63493343,119.7202937,0,0
63000_10901_00_123456_450,南投縣信義鄉明德村玉山路49號,,草屯鎮,草屯分局,上林派出所,草屯鎮上林里草溪路123-19號,0,450,450,23.63427524,119.7173962,0,0
63000_10901_00_123456_451,南投縣信義鄉人和村民生巷10號,,草屯鎮,草屯分局,新光派出所,草屯鎮北投里北投路104、105巷、朝陽巷口,0,451,451,23.63361705,119.7144987,0,0
63000_10901_00_123456_452,南投縣信義鄉望美村美信巷55號,,草屯鎮,草屯分局,中正派出所,草屯鎮富寮里中正路、富德街、宅內街口,0,452,452,23.63295886,119.7116012,0,0
63000_10901_00_123456_453,南投縣信義鄉同富村同和巷6號,,草屯鎮,草屯分局,中正派出所,草屯鎮新豐里防汎路、投1線0.5K處路口,0,453,453,23.63230067,119.7087036,0,0
63000_10901_00_123456_454,南投縣信義鄉東埔村開高巷56號,,草屯鎮,草屯分局,中正派出所,草屯鎮御史里御富路157巷、158巷口,0,454,454,23.63164249,119.7058061,0,0
63000_10901_00_123456_455,南投縣信義鄉地利村開信巷14號,,南投市,中興分局,光明派出所,南投市內興里光明路60巷(中興綠世界),0,455,455,23.6309843,119.7029086,0,0
63000_10901_00_123456_456,南投縣信義鄉明德村玉山路49號,,埔里鎮,埔里分局,愛蘭派出所,埔里鎮大城里公誠一街、公誠二街、公誠三街口,0,456,456,23.63032611,119.7000111,0,0
63000_10901_00_123456_457,南投縣信義鄉新鄉村新鄉路105號,,埔里鎮,埔里分局,埔里派出所,埔里鎮西門里中正路652巷口,0,457,457,23.62966792,119.6971136,0,0
63000_10901_00_123456_458,南投縣信義鄉潭南村和平巷47號,,草屯鎮,草屯分局,草屯派出所,草屯鎮敦和里碧山南路、仁愛街口，碧山路285巷口、碧山路276巷口(另一台DVS在7-23),0,458,458,23.62900973,119.6942161,0,0
63000_10901_00_123456_459,南投縣信義鄉豐丘村高平巷8號,,鹿谷鄉,竹山分局,鹿谷分駐所,鹿谷鄉仁義路與中正路口,0,459,459,23.62835154,119.6913186,0,0
63000_10901_00_123456_460,南投縣信義鄉雙龍村光復巷33號,,鹿谷鄉,竹山分局,鹿谷分駐所,鹿谷鄉初鄉村中正路與仁愛路口,0,460,460,23.62769335,119.6884211,0,0
63000_10901_00_123456_461,南投縣信義鄉羅娜村信筆巷66號,,集集鎮,集集分局,隘寮派出所,集集鎮縣道152縣與隘埔巷口,0,461,461,23.62703516,119.6855236,0,0
63000_10901_00_123456_462,南投縣信義鄉郡大入山檢查哨,,集集鎮,集集分局,隘寮派出所,集集鎮縣道152縣與草嶺巷口,0,462,462,23.62637697,119.6826261,0,0
63000_10901_00_123456_463,南投縣南投市三民里彰南路二段109號,,草屯鎮,草屯分局,中正派出所,草屯鎮中正路成功路口,0,463,463,23.62571878,119.6797285,0,0
63000_10901_00_123456_464,南投縣南投市三民里彰南路二段109號,,草屯鎮,草屯分局,中正派出所,草屯鎮中山街343巷8號,0,464,464,23.6250606,119.676831,0,0
63000_10901_00_123456_465,南投縣南投市平山里彰南路3段19號,,南投市,南投分局,半山派出所,南投市祖祠路文化路口,0,465,465,23.62440241,119.6739335,0,0
63000_10901_00_123456_466,南投縣南投市鳳鳴里八卦路837號,,埔里鎮,埔里分局,愛蘭派出所,埔里鎮大城路大同路,0,466,466,23.62374422,119.671036,0,0
63000_10901_00_123456_467,南投縣名間鄉中正村彰南路30號,,鹿谷鄉,竹山分局,秀峰派出所,鹿谷鄉清秀橋頭北岸與仁愛路口,0,467,467,23.62308603,119.6681385,0,0
63000_10901_00_123456_468,南投縣名間鄉新街村彰南路422號,,埔里鎮,埔里分局,史港派出所,埔里鎮西安路宣安路,0,468,468,23.62242784,119.665241,0,0
63000_10901_00_123456_469,南投縣名間鄉崁腳村名松路1段309號,,仁愛鄉,仁愛分局,翠峰派出所,合歡山,0,469,469,23.62176965,119.6623435,0,0
63000_10901_00_123456_470,南投縣名間鄉赤水村南田路291號,,南投市,南投分局,半山派出所,南投市復興路中興路口,0,470,470,23.62111146,119.659446,0,0
63000_10901_00_123456_471,南投縣名間鄉大庄村南田路138號,,埔里鎮,埔里分局,愛蘭派出所,埔里鎮信義路南安路口,0,471,471,23.62045327,119.6565485,0,0
63000_10901_00_123456_472,南投縣埔里鎮中山路二段235號,,中寮鄉,草屯分局,爽文派出所,中寮鄉爽文村龍南路內城橋頭,0,472,472,23.61979508,119.6536509,0,0
63000_10901_00_123456_473,南投縣國姓鄉北山村中正路四段159號,,仁愛鄉,仁愛分局,南豐派出所,仁愛分局南豐派出所前,0,473,473,23.61913689,119.6507534,0,0
63000_10901_00_123456_474,南投縣埔里鎮牛眠里西安路二段355號,,南投市,南投分局,南投派出所,南投市集賢路、彰南路、三和三路口,0,474,474,23.6184787,119.6478559,0,0
63000_10901_00_123456_475,南投縣埔里鎮合成里西安路3段225號,,南投市,南投分局,南投派出所,"南投市鳳鳴里鳳鳴池旁(鳳鳴路20-1號,鳳鳴枝166左6)",0,475,475,23.61782052,119.6449584,0,0
63000_10901_00_123456_476,南投縣國姓鄉長流村大長路351號,,埔里鎮,埔里分局,愛蘭派出所,埔里鎮蘭陽街、鐵山路口,0,476,476,23.61716233,119.6420609,0,0
63000_10901_00_123456_477,南投縣國姓鄉福龜村中正路1段157號,,集集鎮,集集分局,集集派出所,集集鎮環山街、八張街口,0,477,477,23.61650414,119.6391634,0,0
63000_10901_00_123456_478,南投縣埔里鎮中山路二段235號,,草屯鎮,草屯分局,上林派出所,草屯鎮草溪路102-2號(玉虛宮前),0,478,478,23.61584595,119.6362659,0,0
63000_10901_00_123456_479,南投縣埔里鎮桃米里桃米巷48號,,草屯鎮,草屯分局,上林派出所,草屯鎮草溪路109-25號前路口,0,479,479,23.61518776,119.6333684,0,0
63000_10901_00_123456_480,南投縣國姓鄉國姓村國姓路265號,,埔里鎮,埔里分局,隆生派出所,埔里鎮南環路145號(幸福小鎮社區),0,480,480,23.61452957,119.6304709,0,0
63000_10901_00_123456_481,南投縣國姓鄉北港村國姓路48號,,國姓鄉,埔里分局,北山派出所,國姓鄉中正路四段10-5號前路口,0,481,481,23.61387138,119.6275734,0,0
63000_10901_00_123456_482,南投縣埔里鎮鐵山一巷5之1號,,南投市,南投分局,鳳鳴派出所,天空之橋區內監控,0,482,482,23.61321319,119.6246758,0,0
63000_10901_00_123456_483,南投縣埔里鎮中山路2段85號,,南投市,南投分局,鳳鳴派出所,天空之橋區外路口,0,483,483,23.612555,119.6217783,0,0
63000_10901_00_123456_484,南投縣埔里鎮南環路400號,,南投市,南投分局,半山派出所,縣警局大門前,0,484,484,23.61189681,119.6188808,0,0
63000_10901_00_123456_485,南投縣草屯鎮富寮里中正路571號,,埔里鎮,埔里分局,埔里派出所,埔里鎮中正路西寧路鎮安宮,0,485,485,23.61123863,119.6159833,0,0
63000_10901_00_123456_486,南投縣草屯鎮上林里草溪路136之11,,南投市,南投分局,南投派出所,南投市復興路三和一路口,0,486,486,23.61058044,119.6130858,0,0
63000_10901_00_123456_487,南投縣中寮鄉永平村永平路282號,,南投市,南投分局,南投派出所,南投市南陽路民族路口,0,487,487,23.60992225,119.6101883,0,0
63000_10901_00_123456_488,南投縣草屯鎮中山里草鞋墩1街10號,,南投市,南投分局,南投派出所,南投市民族路彰南路口,0,488,488,23.60926406,119.6072908,0,0
63000_10901_00_123456_489,南投縣草屯鎮富寮里中正路571號,,南投市,南投分局,南投派出所,南投市南崗二路南陽路口,0,489,489,23.60860587,119.6043933,0,0
63000_10901_00_123456_490,南投縣中寮鄉爽文村龍南路189之1號,,南投市,南投分局,南投派出所,南投市復興路民族路口,0,490,490,23.60794768,119.6014958,0,0
63000_10901_00_123456_491,南投縣草屯鎮復興里碧山路755號,,南投市,南投分局,半山派出所,南投市成功三路彰南路口,0,491,491,23.60728949,119.5985982,0,0
63000_10901_00_123456_492,南投縣草屯鎮新庄里芬草路150號,,南投市,南投分局,半山派出所,南投市南崗二路祖祠路口,0,492,492,23.6066313,119.5957007,0,0
63000_10901_00_123456_493,南投縣草屯鎮土城里中正路216號,,南投市,南投分局,南投派出所,南投市中興路南崗路口,0,493,493,23.60597311,119.5928032,0,0
63000_10901_00_123456_494,南投縣草屯鎮雙冬里中正路46號,,草屯鎮,草屯分局,中正派出所,草屯鎮中正路博愛路南口,0,494,494,23.60531492,119.5899057,0,0
63000_10901_00_123456_495,南投縣集集鎮民生路63號,,草屯鎮,草屯分局,中正派出所,草屯鎮新豐路博愛路仁愛街口,0,495,495,23.60465673,119.5870082,0,0
63000_10901_00_123456_496,南投縣魚池鄉五城村五城巷24號,,草屯鎮,草屯分局,草屯派出所,草屯鎮中興路成功路草溪路口,0,496,496,23.60399855,119.5841107,0,0
63000_10901_00_123456_497,南投縣魚池鄉水社村中山路144號,,草屯鎮,草屯分局,中正派出所,草屯鎮中正路芬草路口,0,497,497,23.60334036,119.5812132,0,0
63000_10901_00_123456_498,南投縣水里鄉水里村民權路86號,,草屯鎮,草屯分局,草屯派出所,草屯鎮中興路虎山路口,0,498,498,23.60268217,119.5783157,0,0
63000_10901_00_123456_499,南投縣水里鄉車埕村民權巷108號,,草屯鎮,草屯分局,中正派出所,草屯鎮中正路太平路口,0,499,499,23.60202398,119.5754182,0,0
63000_10901_00_123456_500,南投縣魚池鄉東光村慶隆巷32號,,草屯鎮,草屯分局,草屯派出所,草屯鎮太平路中興路口,0,500,500,23.60136579,119.5725207,0,0
63000_10901_00_123456_501,南投縣水里鄉群坑村郡坑巷26號,,草屯鎮,草屯分局,草屯派出所,草屯鎮成功路敦和路口,0,501,501,23.6007076,119.5696231,0,0
63000_10901_00_123456_502,南投縣魚池鄉魚池村魚池街358號,,南投市,南投分局,半山派出所,南投市信義街儲料場,0,502,502,23.60004941,119.5667256,0,0
63000_10901_00_123456_503,南投縣集集鎮民生路63號,,南投市,南投分局,半山派出所,南投市信義街儲料場,0,503,503,23.59939122,119.5638281,0,0
63000_10901_00_123456_504,南投縣集集鎮田寮里龍泉巷25號,,南投市,南投分局,半山派出所,南投市南崗路中華路口全景,0,504,504,23.59873303,119.5609306,0,0
63000_10901_00_123456_505,南投縣魚池鄉日月村中正路288號,,埔里鎮,埔里分局,史港派出所,埔里鎮國道六號埔里交流道中正路口,0,505,505,23.59807484,119.5580331,0,0
63000_10901_00_123456_506,南投縣魚池鄉頭社村平和巷145號,,信義鄉,信義分局,和社派出所,信義鄉和社森林教育中心前(往東埔溫泉),0,506,506,23.59741666,119.5551356,0,0
63000_10901_00_123456_507,南投縣南投縣南投市光華里光華路115號,,信義鄉,信義分局,新鄉派出所,信義鄉舊台21線十八重溪橋北端T型路口處,0,507,507,23.59675847,119.5522381,0,0
63000_10901_00_123456_508,南投縣南投縣南投市光華里光華路115號,,鹿谷鄉,竹山分局,鹿谷分駐所,鹿谷鄉初鄉村中正路三段與坑內巷口,0,508,508,23.59610028,119.5493406,0,0
63000_10901_00_123456_509,南投縣南投縣南投市營南里南營路745號,,南投市,南投分局,半山派出所,南投市華陽路南投交流道口,0,509,509,23.59544209,119.5464431,0,0
63000_10901_00_123456_510,南投縣南投縣南投市光明里光明路35號,,草屯鎮,草屯分局,新光派出所,草屯鎮加老東路183號前,0,510,510,23.5947839,119.5435455,0,0
63000_10901_00_123456_511,南投縣南投縣南投市光輝里虎山路3號,,南投市,中興分局,永清派出所,南投市中華路東閔路口,0,511,511,23.59412571,119.540648,0,0
63000_10901_00_123456_512,南投縣南投縣南投市南崗2路133號,,仁愛鄉,仁愛分局,翠峰派出所,仁愛鄉台14甲線18.3公里處(舊翠峰派出所),0,512,512,23.59346752,119.5377505,0,0
63000_10901_00_123456_513,南投縣仁愛鄉大同村信義巷28號,,中寮鄉,草屯分局,中寮分駐所,中寮鄉中寮村鄉林巷43號旁巷口,0,513,513,23.59280933,119.534853,0,0
63000_10901_00_123456_514,南投縣仁愛鄉互助村中華路2號,,中寮鄉,草屯分局,中寮分駐所,中寮鄉廣福村內城巷2-1號旁,0,514,514,23.59215114,119.5319555,0,0
63000_10901_00_123456_515,南投縣仁愛鄉精英村法觀路18號,,國姓鄉,埔里分局,北山派出所,國姓鄉南港路與長石巷口,0,515,515,23.59149295,119.529058,0,0
63000_10901_00_123456_516,南投縣仁愛鄉大同村仁和路135號,,集集鎮,集集分局,集集派出所,集集鎮北勢巷與竹坑巷口,0,516,516,23.59083476,119.5261605,0,0
63000_10901_00_123456_517,南投縣仁愛鄉法治村界山巷4號,,信義鄉,信義分局,久美派出所,信義鄉久美村美信巷十字路口,0,517,517,23.59017658,119.523263,0,0
63000_10901_00_123456_518,南投縣仁愛鄉南豐村中正路86號,,仁愛鄉,仁愛分局,親愛派出所,仁愛鄉親愛派出所前,0,518,518,23.58951839,119.5203655,0,0
63000_10901_00_123456_519,南投縣仁愛鄉春陽村永樂巷57號,,埔里鎮,埔里分局,埔里派出所,埔里鎮新市街23號中正二路口,0,519,519,23.5888602,119.517468,0,0
63000_10901_00_123456_520,南投縣仁愛鄉新生村山林巷93號,,埔里鎮,埔里分局,隆生派出所,埔里鎮中正路38-12號前(掘底土地廟),0,520,520,23.58820201,119.5145704,0,0
63000_10901_00_123456_521,南投縣仁愛鄉發祥村仁盛路22號,,埔里鎮,埔里分局,愛蘭派出所,埔里鎮大成國小後門,0,521,521,23.58754382,119.5116729,0,0
63000_10901_00_123456_522,南投縣仁愛鄉力行村新望洋68號,,南投市,南投分局,南投派出所,南投市中興路三和三路口,0,522,522,23.58688563,119.5087754,0,0
63000_10901_00_123456_523,南投縣仁愛鄉互助村明月巷50號,,南投市,南投分局,半山派出所,南投市中華路彰南路口,0,523,523,23.58622744,119.5058779,0,0
63000_10901_00_123456_524,南投縣仁愛鄉力行村華岡路1號,,南投市,南投分局,南投派出所,南投市南崗路集賢路口,0,524,524,23.58556925,119.5029804,0,0
63000_10901_00_123456_525,南投縣仁愛鄉發祥村瑞和路43號,,南投市,南投分局,南投派出所,南投市彰南路南陽路口,0,525,525,23.58491106,119.5000829,0,0
63000_10901_00_123456_526,南投縣仁愛鄉萬豐村清華巷77號,,南投市,南投分局,南投派出所,南投市三和三路復興路口,0,526,526,23.58425287,119.4971854,0,0
63000_10901_00_123456_527,南投縣仁愛鄉中正村平等巷118號,,南投市,南投分局,南投派出所,南投市復興路南陽路口,0,527,527,23.58359469,119.4942879,0,0
63000_10901_00_123456_528,南投縣仁愛鄉榮興村6鄰碧綠巷24號,,南投市,南投分局,半山派出所,南投市華陽路祖祠路口,0,528,528,23.5829365,119.4913904,0,0
63000_10901_00_123456_529,南投縣仁愛鄉大同村仁和路150號,,南投市,南投分局,南投派出所,南投市民族路建國路口,0,529,529,23.58227831,119.4884928,0,0
63000_10901_00_123456_530,南投縣仁愛鄉力行村翠巒路23號,,南投市,中興分局,中興派出所,南投市中正路仁德路口,0,530,530,23.58162012,119.4855953,0,0
63000_10901_00_123456_531,南投縣仁愛鄉親愛村高平路4號,,南投市,中興分局,府西派出所,南投市中學西路營北路口,0,531,531,23.58096193,119.4826978,0,0
63000_10901_00_123456_532,南投縣仁愛鄉合作村平生路24號,,南投市,中興分局,光明派出所,南投市中興路東閔路南營路口,0,532,532,23.58030374,119.4798003,0,0
63000_10901_00_123456_533,南投縣仁愛鄉精英村榮華巷43號,,南投市,中興分局,中興派出所,南投市中正路光華二路口,0,533,533,23.57964555,119.4769028,0,0
63000_10901_00_123456_534,南投縣仁愛鄉大同村仁和路87號,,南投市,中興分局,永清派出所,南投市中華路營盤路口,0,534,534,23.57898736,119.4740053,0,0
63000_10901_00_123456_535,南投縣仁愛鄉精英村中興巷18號,,南投市,中興分局,光明派出所,南投市中興路內興路口,0,535,535,23.57832917,119.4711078,0,0
63000_10901_00_123456_536,南投縣竹山鎮竹山里集山路三段968號,,中寮鄉,草屯分局,上林派出所,中寮鄉永平路永安街口,0,536,536,23.57767098,119.4682103,0,0
63000_10901_00_123456_537,南投縣竹山鎮中和里前山路二段119號,,草屯鎮,草屯分局,新光派出所,草屯鎮博愛路史館路口,0,537,537,23.57701279,119.4653128,0,0
63000_10901_00_123456_538,南投縣竹山鎮竹山里集山路三段968號,,草屯鎮,草屯分局,復興派出所,草屯鎮碧山路復興路口,0,538,538,23.57635461,119.4624153,0,0
63000_10901_00_123456_539,南投縣鹿谷鄉竹林村光復路106號,,草屯鎮,草屯分局,復興派出所,草屯鎮碧山路溪頭橋橋頭,0,539,539,23.57569642,119.4595177,0,0
63000_10901_00_123456_540,南投縣竹山鎮集山路3段968號,,草屯鎮,草屯分局,草屯派出所,草屯鎮虎山路育英街口,0,540,540,23.57503823,119.4566202,0,0
63000_10901_00_123456_541,南投縣鹿谷鄉秀峰村仁愛路174號,,草屯鎮,草屯分局,草屯派出所,草屯鎮太平路育英街口,0,541,541,23.57438004,119.4537227,0,0
63000_10901_00_123456_542,南投縣竹山鎮延平里集山路3段22號,,草屯鎮,草屯分局,中正派出所,草屯鎮中正路富昌路口,0,542,542,23.57372185,119.4508252,0,0
63000_10901_00_123456_543,南投縣竹山鎮社寮里集山路一段1694號,,草屯鎮,草屯分局,中正派出所,草屯鎮中正路分局前,0,543,543,23.57306366,119.4479277,0,0
63000_10901_00_123456_544,南投縣竹山鎮桶頭里鯉南路319號,,埔里鎮,埔里分局,鯉潭派出所,埔里鎮中山路一段信義路口,0,544,544,23.57240547,119.4450302,0,0
63000_10901_00_123456_545,南投縣竹山鎮秀林里頂林路399號,,埔里鎮,埔里分局,愛蘭派出所,埔里鎮中正路崎下,0,545,545,23.57174728,119.4421327,0,0
63000_10901_00_123456_546,南投縣鹿谷鎮鹿谷村中正路2段76之6號,,埔里鎮,埔里分局,埔里派出所,埔里鎮忠孝路中正路宏仁路口,0,546,546,23.57108909,119.4392352,0,0
63000_10901_00_123456_547,南投縣鹿谷鄉內湖村興產路1之20號,,埔里鎮,埔里分局,埔里派出所,埔里鎮忠孝路中正路宏仁路口(第二支),0,547,547,23.5704309,119.4363377,0,0
63000_10901_00_123456_548,南投縣竹山鎮瑞竹里鯉南路293號,,埔里鎮,埔里分局,鯉潭派出所,埔里鎮西安路信義路口,0,548,548,23.56977272,119.4334401,0,0
63000_10901_00_123456_549,南投縣竹山鎮福興里鯉南路172號,,埔里鎮,埔里分局,愛蘭派出所,埔里鎮愛蘭橋,0,549,549,23.56911453,119.4305426,0,0
63000_10901_00_123456_550,南投縣鹿谷鄉鳳凰村新進巷1號,,埔里鎮,埔里分局,愛蘭派出所,埔里鎮愛蘭橋(第二支),0,550,550,23.56845634,119.4276451,0,0
63000_10901_00_123456_551,南投縣信義鄉明德村玉山路49號,,埔里鎮,埔里分局,埔里派出所,埔里鎮中山路二段北環路口,0,551,551,23.56779815,119.4247476,0,0
63000_10901_00_123456_552,南投縣信義鄉人和村民生巷10號,,竹山鎮,竹山分局,竹山派出所,竹山鎮集山路自強路口,0,552,552,23.56713996,119.4218501,0,0
63000_10901_00_123456_553,南投縣信義鄉望美村美信巷55號,,竹山鎮,竹山分局,竹山派出所,竹山鎮頂林路鯉南路口,0,553,553,23.56648177,119.4189526,0,0
63000_10901_00_123456_554,南投縣信義鄉同富村同和巷6號,,竹山鎮,竹山分局,竹山派出所,竹山鎮大智路頂林路口,0,554,554,23.56582358,119.4160551,0,0
63000_10901_00_123456_555,南投縣信義鄉東埔村開高巷56號,,竹山鎮,竹山分局,延平派出所,竹山鎮鹿山路集山路口,0,555,555,23.56516539,119.4131576,0,0
63000_10901_00_123456_556,南投縣信義鄉地利村開信巷14號,,竹山鎮,竹山分局,延平派出所,竹山鎮集山路東鄉路口,0,556,556,23.5645072,119.4102601,0,0
63000_10901_00_123456_557,南投縣信義鄉明德村玉山路49號,,竹山鎮,竹山分局,延平派出所,竹山鎮東鄉路保甲路口,0,557,557,23.56384901,119.4073626,0,0
63000_10901_00_123456_558,南投縣信義鄉新鄉村新鄉路105號,,竹山鎮,竹山分局,中和派出所,竹山鎮南雲大橋南端,0,558,558,23.56319082,119.404465,0,0
63000_10901_00_123456_559,南投縣信義鄉潭南村和平巷47號,,鹿谷鄉,竹山分局,鹿谷分駐所,鹿谷鄉中正路仁義路口,0,559,559,23.56253264,119.4015675,0,0
63000_10901_00_123456_560,南投縣信義鄉豐丘村高平巷8號,,集集鎮,集集分局,集集派出所,集集鎮民生路中集二街口,0,560,560,23.56187445,119.39867,0,0
63000_10901_00_123456_561,南投縣信義鄉雙龍村光復巷33號,,集集鎮,集集分局,集集派出所,集集鎮民生路初中街口,0,561,561,23.56121626,119.3957725,0,0
63000_10901_00_123456_562,南投縣信義鄉羅娜村信筆巷66號,,集集鎮,集集分局,集集派出所,集集鎮台16線八張路口,0,562,562,23.56055807,119.392875,0,0
63000_10901_00_123456_563,南投縣信義鄉郡大入山檢查哨,,集集鎮,集集分局,集集派出所,集集鎮林尾橋,0,563,563,23.55989988,119.3899775,0,0
63000_10901_00_123456_564,南投縣南投市三民里彰南路二段109號,,水里鄉,集集分局,水里分駐所,水里鄉台16線中正路口,0,564,564,23.55924169,119.38708,0,0
63000_10901_00_123456_565,南投縣南投市三民里彰南路二段109號,,魚池鄉,集集分局,日月潭派出所,魚池鄉中山路中興路口,0,565,565,23.5585835,119.3841825,0,0
63000_10901_00_123456_566,南投縣南投市平山里彰南路3段19號,,信義鄉,信義分局,新鄉派出所,信義鄉郡大所前,0,566,566,23.55792531,119.381285,0,0
63000_10901_00_123456_567,南投縣南投市鳳鳴里八卦路837號,,信義鄉,信義分局,青雲派出所,信義鄉台16線地利國小往雙龍岔路口,0,567,567,23.55726712,119.3783874,0,0
63000_10901_00_123456_568,南投縣名間鄉中正村彰南路30號,,南投市,南投分局,南投派出所,南投市南陽華陽路口,0,568,568,23.55660893,119.3754899,0,0
63000_10901_00_123456_569,南投縣名間鄉新街村彰南路422號,,南投市,南投分局,南投派出所,南投市體育場出入口,0,569,569,23.55595075,119.3725924,0,0
63000_10901_00_123456_570,南投縣名間鄉崁腳村名松路1段309號,,南投市,南投分局,南投派出所,南投市大庄文化南路口,0,570,570,23.55529256,119.3696949,0,0
63000_10901_00_123456_571,南投縣名間鄉赤水村南田路291號,,南投市,南投分局,南投派出所,南投市民權復興路口,0,571,571,23.55463437,119.3667974,0,0
63000_10901_00_123456_572,南投縣名間鄉大庄村南田路138號,,南投市,南投分局,半山派出所,南投市南崗二路平山二路口,0,572,572,23.55397618,119.3638999,0,0
63000_10901_00_123456_573,南投縣埔里鎮中山路二段235號,,南投市,南投分局,南投派出所,南投市南崗一路文化路口,0,573,573,23.55331799,119.3610024,0,0
63000_10901_00_123456_574,南投縣國姓鄉北山村中正路四段159號,,南投市,南投分局,南投派出所,南投市南崗二路民族路口,0,574,574,23.5526598,119.3581049,0,0
63000_10901_00_123456_575,南投縣埔里鎮牛眠里西安路二段355號,,南投市,南投分局,半山派出所,南投市成功三路南崗三路口,0,575,575,23.55200161,119.3552074,0,0
63000_10901_00_123456_576,南投縣埔里鎮合成里西安路3段225號,,草屯鎮,草屯分局,新光派出所,草屯鎮敦煌芬草路口,0,576,576,23.55134342,119.3523099,0,0
63000_10901_00_123456_577,南投縣國姓鄉長流村大長路351號,,竹山鎮,竹山分局,社寮派出所,竹山鎮集山路二段與竹山交流道口,0,577,577,23.55068523,119.3494123,0,0
63000_10901_00_123456_578,南投縣國姓鄉福龜村中正路1段157號,,南投市,南投分局,半山派出所,南投市成功三路工業路口,0,578,578,23.55002704,119.3465148,0,0
63000_10901_00_123456_579,南投縣埔里鎮中山路二段235號,,信義鄉,信義分局,信義派出所,信義鄉信義分局前,0,579,579,23.54936885,119.3436173,0,0
63000_10901_00_123456_580,南投縣埔里鎮桃米里桃米巷48號,,信義鄉,信義分局,新鄉派出所,信義鄉筆石橋頭,0,580,580,23.54871067,119.3407198,0,0
63000_10901_00_123456_581,南投縣國姓鄉國姓村國姓路265號,,信義鄉,信義分局,久美派出所,信義鄉臺21線往久美十字路口,0,581,581,23.54805248,119.3378223,0,0
63000_10901_00_123456_582,南投縣國姓鄉北港村國姓路48號,,信義鄉,信義分局,羅娜派出所,信義鄉羅娜圓環,0,582,582,23.54739429,119.3349248,0,0
63000_10901_00_123456_583,南投縣埔里鎮鐵山一巷5之1號,,信義鄉,信義分局,豐丘派出所,信義鄉豐丘橋頭,0,583,583,23.5467361,119.3320273,0,0
63000_10901_00_123456_584,南投縣埔里鎮中山路2段85號,,信義鄉,信義分局,和社派出所,信義鄉台21線同富東埔T字路口,0,584,584,23.54607791,119.3291298,0,0
63000_10901_00_123456_585,南投縣埔里鎮南環路400號,,信義鄉,信義分局,信義派出所,信義鄉信義橋頭,0,585,585,23.54541972,119.3262323,0,0
63000_10901_00_123456_586,南投縣草屯鎮富寮里中正路571號,,仁愛鄉,仁愛分局,霧社派出所,仁愛鄉台14線投83線口,0,586,586,23.54476153,119.3233347,0,0
63000_10901_00_123456_587,南投縣草屯鎮上林里草溪路136之11,,南投市,中興分局,中興派出所,南投市中興大操場,0,587,587,23.54410334,119.3204372,0,0
63000_10901_00_123456_588,南投縣中寮鄉永平村永平路282號,,草屯鎮,草屯分局,上林派出所,草屯鎮碧興草溪路口,0,588,588,23.54344515,119.3175397,0,0
63000_10901_00_123456_589,南投縣草屯鎮中山里草鞋墩1街10號,,草屯鎮,草屯分局,中正派出所,草屯鎮中正虎山路口,0,589,589,23.54278696,119.3146422,0,0
63000_10901_00_123456_590,南投縣草屯鎮富寮里中正路571號,,竹山鎮,竹山分局,延平派出所,竹山鎮集山路三段596號大明路口,0,590,590,23.54212877,119.3117447,0,0
63000_10901_00_123456_591,南投縣中寮鄉爽文村龍南路189之1號,,埔里鎮,埔里分局,鯉潭派出所,埔里鎮中山路一段鯉魚路口,0,591,591,23.54147059,119.3088472,0,0
63000_10901_00_123456_592,南投縣草屯鎮復興里碧山路755號,,南投市,南投分局,半山派出所,南投市南崗二路福岡路口,0,592,592,23.5408124,119.3059497,0,0
63000_10901_00_123456_593,南投縣草屯鎮新庄里芬草路150號,,南投市,中興分局,光明派出所,南投市中興新興路口,0,593,593,23.54015421,119.3030522,0,0
63000_10901_00_123456_594,南投縣草屯鎮土城里中正路216號,,魚池鄉,集集分局,魚池分駐所,魚池鄉台21線魚池街口,0,594,594,23.53949602,119.3001547,0,0
63000_10901_00_123456_595,南投縣草屯鎮雙冬里中正路46號,,魚池鄉,集集分局,日月潭派出所,魚池鄉日月潭水社壩堤頂,0,595,595,23.53883783,119.2972572,0,0
63000_10901_00_123456_596,南投縣集集鎮民生路63號,,仁愛鄉,仁愛分局,武界派出所,仁愛鄉武安路投71線路口,0,596,596,23.53817964,119.2943596,0,0
63000_10901_00_123456_597,南投縣魚池鄉五城村五城巷24號,,國姓鄉,埔里分局,國姓分駐所,國姓鄉台14線育樂橋頭,0,597,597,23.53752145,119.2914621,0,0
63000_10901_00_123456_598,南投縣魚池鄉水社村中山路144號,,埔里鎮,埔里分局,愛蘭派出所,埔里鎮水尾國小路口,0,598,598,23.53686326,119.2885646,0,0
63000_10901_00_123456_599,南投縣水里鄉水里村民權路86號,,草屯鎮,草屯分局,中正派出所,草屯鎮玉屏路濟公巷,0,599,599,23.53620507,119.2856671,0,0
63000_10901_00_123456_600,南投縣水里鄉車埕村民權巷108號,,草屯鎮,草屯分局,中正派出所,草屯鎮中正僑光路口,0,600,600,23.53554688,119.2827696,0,0
63000_10901_00_123456_601,南投縣魚池鄉東光村慶隆巷32號,,鹿谷鄉,竹山分局,鹿谷分駐所,鹿谷鄉興產路151線道口,0,601,601,23.5348887,119.2798721,0,0
63000_10901_00_123456_602,南投縣水里鄉群坑村郡坑巷26號,,草屯鎮,草屯分局,草屯派出所,草屯鎮草溪路640及747巷口,0,602,602,23.53423051,119.2769746,0,0
63000_10901_00_123456_603,南投縣魚池鄉魚池村魚池街358號,,南投市,南投分局,半山派出所,南投市彰南福岡路口,0,603,603,23.53357232,119.2740771,0,0
63000_10901_00_123456_604,南投縣集集鎮民生路63號,,名間鄉,南投分局,名間分駐所,名間鄉彰南名松路口,0,604,604,23.53291413,119.2711796,0,0
63000_10901_00_123456_605,南投縣集集鎮田寮里龍泉巷25號,,南投市,南投分局,南投派出所,南投市育樂信義街口,0,605,605,23.53225594,119.268282,0,0
63000_10901_00_123456_606,南投縣魚池鄉日月村中正路288號,,名間鄉,南投分局,新佳派出所,名間鄉彰南大中路口,0,606,606,23.53159775,119.2653845,0,0
63000_10901_00_123456_607,南投縣魚池鄉頭社村平和巷145號,,名間鄉,南投分局,名間分駐所,名間鄉員集名竹路口,0,607,607,23.53093956,119.262487,0,0
63000_10901_00_123456_608,南投縣南投縣南投市光華里光華路115號,,南投市,南投分局,南投派出所,南投市彰南復興路口,0,608,608,23.53028137,119.2595895,0,0
63000_10901_00_123456_609,南投縣南投縣南投市光華里光華路115號,,南投市,南投分局,南投派出所,南投市中興府南二路口,0,609,609,23.52962318,119.256692,0,0
63000_10901_00_123456_610,南投縣南投縣南投市營南里南營路745號,,南投市,南投分局,南投派出所,南投市中山民生街口,0,610,610,23.52896499,119.2537945,0,0
63000_10901_00_123456_611,南投縣南投縣南投市光明里光明路35號,,南投市,中興分局,永清派出所,南投市東閔南營營中路口,0,611,611,23.5283068,119.250897,0,0
63000_10901_00_123456_612,南投縣南投縣南投市光輝里虎山路3號,,草屯鎮,草屯分局,上林派出所,草屯鎮省府草溪路口,0,612,612,23.52764862,119.2479995,0,0
63000_10901_00_123456_613,南投縣南投縣南投市南崗2路133號,,草屯鎮,草屯分局,草屯派出所,草屯鎮太平路一段民權路口,0,613,613,23.52699043,119.245102,0,0
63000_10901_00_123456_614,南投縣仁愛鄉大同村信義巷28號,,草屯鎮,草屯分局,草屯派出所,草屯鎮碧山仁愛路口,0,614,614,23.52633224,119.2422045,0,0
63000_10901_00_123456_615,南投縣仁愛鄉互助村中華路2號,,埔里鎮,埔里分局,埔里派出所,埔里鎮中正東榮路口,0,615,615,23.52567405,119.2393069,0,0
63000_10901_00_123456_616,南投縣仁愛鄉精英村法觀路18號,,埔里鎮,埔里分局,愛蘭派出所,埔里鎮信義大城路口,0,616,616,23.52501586,119.2364094,0,0
63000_10901_00_123456_617,南投縣仁愛鄉大同村仁和路135號,,埔里鎮,埔里分局,鯉潭派出所,埔里鎮忠孝中華路口,0,617,617,23.52435767,119.2335119,0,0
63000_10901_00_123456_618,南投縣仁愛鄉法治村界山巷4號,,埔里鎮,埔里分局,鯉潭派出所,埔里鎮仁愛八德路口,0,618,618,23.52369948,119.2306144,0,0
63000_10901_00_123456_619,南投縣仁愛鄉南豐村中正路86號,,鹿谷鄉,竹山分局,鹿谷分駐所,鹿谷鄉中正鹿彰路口,0,619,619,23.52304129,119.2277169,0,0
63000_10901_00_123456_620,南投縣仁愛鄉春陽村永樂巷57號,,竹山鎮,竹山分局,竹山派出所,竹山鎮大明枋坪巷口,0,620,620,23.5223831,119.2248194,0,0
63000_10901_00_123456_621,南投縣仁愛鄉新生村山林巷93號,,鹿谷鄉,竹山分局,鹿谷分駐所,鹿谷鄉興產中正一路口,0,621,621,23.52172491,119.2219219,0,0
63000_10901_00_123456_622,南投縣仁愛鄉發祥村仁盛路22號,,竹山鎮,竹山分局,延平派出所,竹山鎮集山江西大慶路口,0,622,622,23.52106673,119.2190244,0,0
63000_10901_00_123456_623,南投縣仁愛鄉力行村新望洋68號,,集集鎮,集集分局,集集派出所,集集鎮台16線攔河路口,0,623,623,23.52040854,119.2161269,0,0
63000_10901_00_123456_624,南投縣仁愛鄉互助村明月巷50號,,集集鎮,集集分局,隘寮派出所,集集鎮隘寮派出所前,0,624,624,23.51975035,119.2132293,0,0
63000_10901_00_123456_625,南投縣仁愛鄉力行村華岡路1號,,南投市,中興分局,府西派出所,南投市營北向上路口,0,625,625,23.51909216,119.2103318,0,0
63000_10901_00_123456_626,南投縣仁愛鄉發祥村瑞和路43號,,南投市,南投分局,半山派出所,南投市中華華陽路口,0,626,626,23.51843397,119.2074343,0,0
63000_10901_00_123456_627,南投縣仁愛鄉萬豐村清華巷77號,,草屯鎮,草屯分局,草屯派出所,草屯鎮虎山富林路口,0,627,627,23.51777578,119.2045368,0,0
63000_10901_00_123456_628,南投縣仁愛鄉中正村平等巷118號,,南投市,中興分局,光明派出所,南投市光明一路南新路口,0,628,628,23.51711759,119.2016393,0,0
63000_10901_00_123456_629,南投縣仁愛鄉榮興村6鄰碧綠巷24號,,竹山鎮,竹山分局,社寮派出所,竹山鎮名竹橋頭產業運輸道路口,0,629,629,23.5164594,119.1987418,0,0
63000_10901_00_123456_630,南投縣仁愛鄉大同村仁和路150號,,竹山鎮,竹山分局,過溪派出所,竹山鎮鯉南路過溪所前,0,630,630,23.51580121,119.1958443,0,0
63000_10901_00_123456_631,南投縣仁愛鄉力行村翠巒路23號,,鹿谷鄉,竹山分局,鹿谷分駐所,鹿谷鄉和雅村興產路愛鄉路口,0,631,631,23.51514302,119.1929468,0,0
63000_10901_00_123456_632,南投縣仁愛鄉親愛村高平路4號,,鹿谷鄉,竹山分局,鹿谷分駐所,鹿谷鄉興產路溪山路口,0,632,632,23.51448483,119.1900493,0,0
63000_10901_00_123456_633,南投縣仁愛鄉合作村平生路24號,,竹山鎮,竹山分局,社寮派出所,竹山鎮集山路2段南雲路口,0,633,633,23.51382665,119.1871518,0,0
63000_10901_00_123456_634,南投縣仁愛鄉精英村榮華巷43號,,魚池鄉,集集分局,德化派出所,魚池鄉伊達邵碼頭,0,634,634,23.51316846,119.1842542,0,0
63000_10901_00_123456_635,南投縣仁愛鄉大同村仁和路87號,,仁愛鄉,仁愛分局,松崗派出所,仁愛鄉青青草原前門處,0,635,635,23.51251027,119.1813567,0,0
63000_10901_00_123456_636,南投縣仁愛鄉精英村中興巷18號,,南投市,南投分局,南投派出所,南投市三和三路復興路口,0,636,636,23.51185208,119.1784592,0,0
63000_10901_00_123456_637,南投縣竹山鎮竹山里集山路三段968號,,草屯鎮,草屯分局,草屯派出所,草屯鎮忠孝敦和路口,0,637,637,23.51119389,119.1755617,0,0
63000_10901_00_123456_638,南投縣竹山鎮中和里前山路二段119號,,竹山鎮,竹山分局,竹山派出所,竹山鎮竹山中正巷口,0,638,638,23.5105357,119.1726642,0,0
63000_10901_00_123456_639,南投縣竹山鎮竹山里集山路三段968號,,埔里鎮,埔里分局,愛蘭派出所,埔里鎮台14線愛蘭橋頭,0,639,639,23.50987751,119.1697667,0,0
63000_10901_00_123456_640,南投縣鹿谷鄉竹林村光復路106號,,埔里鎮,埔里分局,鯉潭派出所,埔里鎮西安八德路口,0,640,640,23.50921932,119.1668692,0,0
63000_10901_00_123456_641,南投縣竹山鎮集山路3段968號,,南投市,南投分局,南投派出所,南投體育場,0,641,641,23.50856113,119.1639717,0,0
63000_10901_00_123456_642,南投縣鹿谷鄉秀峰村仁愛路174號,,埔里鎮,埔里分局,埔里派出所,埔里鎮中山路二段南盛街口,0,642,642,23.50790294,119.1610742,0,0
63000_10901_00_123456_643,南投縣竹山鎮延平里集山路3段22號,,埔里鎮,埔里分局,鯉潭派出所,埔里鎮虎山路23-2號前,0,643,643,23.50724476,119.1581766,0,0
63000_10901_00_123456_644,南投縣竹山鎮社寮里集山路一段1694號,,南投市,中興分局,永清派出所,南投市營盤路151巷內,0,644,644,23.50658657,119.1552791,0,0
63000_10901_00_123456_645,南投縣竹山鎮桶頭里鯉南路319號,,竹山鎮,竹山分局,延平派出所,竹山鎮江西延正路口,0,645,645,23.50592838,119.1523816,0,0
63000_10901_00_123456_646,南投縣竹山鎮秀林里頂林路399號,,集集鎮,集集分局,集集派出所,集集鎮洞角巷投27線口,0,646,646,23.50527019,119.1494841,0,0
63000_10901_00_123456_647,南投縣鹿谷鎮鹿谷村中正路2段76之6號,,仁愛鄉,仁愛分局,中原派出所,仁愛鄉投80線5.2公里,0,647,647,23.504612,119.1465866,0,0
63000_10901_00_123456_648,南投縣鹿谷鄉內湖村興產路1之20號,,草屯鎮,草屯分局,豐城派出所,草屯鎮御史里北新巷,0,648,648,23.50395381,119.1436891,0,0
63000_10901_00_123456_649,南投縣竹山鎮瑞竹里鯉南路293號,,草屯鎮,草屯分局,草屯派出所,仁愛與信義街口,0,649,649,23.50329562,119.1407916,0,0
63000_10901_00_123456_650,南投縣竹山鎮福興里鯉南路172號,,名間鄉,南投分局,崁峰派出所,名松路與松嶺街口,0,650,650,23.50263743,119.1378941,0,0
63000_10901_00_123456_651,南投縣鹿谷鄉鳳凰村新進巷1號,,仁愛鄉,仁愛分局,翠峰派出所,武嶺,0,651,651,23.50197924,119.1349966,0,0
63000_10901_00_123456_652,南投縣信義鄉明德村玉山路49號,,南投市,中興分局,光明派出所,南投市會展中心入口處,0,652,652,23.50132105,119.1320991,0,0
63000_10901_00_123456_653,南投縣信義鄉人和村民生巷10號,,草屯鎮,草屯分局,中正派出所,草屯鎮博愛玉屏御富路口,0,653,653,23.50066286,119.1292015,0,0
63000_10901_00_123456_654,南投縣信義鄉望美村美信巷55號,,埔里鎮,埔里分局,埔里派出所,埔里鎮中正路、中山路口圓環1,0,654,654,23.50000468,119.126304,0,0
63000_10901_00_123456_655,南投縣信義鄉同富村同和巷6號,,埔里鎮,埔里分局,埔里派出所,埔里鎮中正路、中山路口圓環2,0,655,655,23.49934649,119.1234065,0,0
63000_10901_00_123456_656,南投縣信義鄉東埔村開高巷56號,,埔里鎮,埔里分局,愛蘭派出所,埔里鎮中山路三段、大城路口,0,656,656,23.4986883,119.120509,0,0
63000_10901_00_123456_657,南投縣信義鄉地利村開信巷14號,,埔里鎮,埔里分局,隆生派出所,"埔里鎮信義路,中正路口",0,657,657,23.49803011,119.1176115,0,0
63000_10901_00_123456_658,南投縣信義鄉明德村玉山路49號,,鹿谷鄉,竹山分局,鹿谷派出所,鹿谷鄉興產路與中正一路口,0,658,658,23.49737192,119.114714,0,0
63000_10901_00_123456_659,南投縣信義鄉新鄉村新鄉路105號,,集集鎮,集集分局,隘寮派出所,集集鎮田寮里共和巷、台16線交界,0,659,659,23.49671373,119.1118165,0,0
63000_10901_00_123456_660,南投縣信義鄉潭南村和平巷47號,,集集鎮,集集分局,集集派出所,集集鎮民生路火車站前,0,660,660,23.49605554,119.108919,0,0
63000_10901_00_123456_661,南投縣信義鄉豐丘村高平巷8號,,草屯鎮,草屯分局,新光派出所,草屯鎮芬草路北極堂前,0,661,661,23.49539735,119.1060215,0,0
63000_10901_00_123456_662,南投縣信義鄉雙龍村光復巷33號,,國姓鄉,埔里分局,長壽派出所,國姓鄉國道六號長壽交流道口,0,662,662,23.49473916,119.1031239,0,0
63000_10901_00_123456_663,南投縣信義鄉羅娜村信筆巷66號,,埔里鎮,埔里分局,愛蘭派出所,埔里鎮國道六號愛蘭交流道口,0,663,663,23.49408097,119.1002264,0,0
63000_10901_00_123456_664,南投縣信義鄉郡大入山檢查哨,,埔里鎮,埔里分局,史港派出所,埔里鎮牛眠橋北端國道六號東端出口,0,664,664,23.49342279,119.0973289,0,0
63000_10901_00_123456_665,南投縣南投市三民里彰南路二段109號,,竹山鎮,竹山分局,延平派出所,竹山鎮集山路二段、保甲路口,0,665,665,23.4927646,119.0944314,0,0
63000_10901_00_123456_666,南投縣南投市三民里彰南路二段109號,,竹山鎮,竹山分局,中和派出所,竹山交流道前山路口,0,666,666,23.49210641,119.0915339,0,0
63000_10901_00_123456_667,南投縣南投市平山里彰南路3段19號,,埔里鎮,埔里分局,埔里派出所,南安路民生東路口,0,667,667,23.49144822,119.0886364,0,0
63000_10901_00_123456_668,南投縣南投市鳳鳴里八卦路837號,,埔里鎮,埔里分局,埔里派出所,埔里鎮西寧路南昌街圓環（第1支）,0,668,668,23.49079003,119.0857389,0,0
63000_10901_00_123456_669,南投縣名間鄉中正村彰南路30號,,埔里鎮,埔里分局,埔里派出所,埔里鎮西寧路南昌街圓環(第2支),0,669,669,23.49013184,119.0828414,0,0
63000_10901_00_123456_670,南投縣名間鄉新街村彰南路422號,,集集鎮,集集分局,隘寮派出所,集集鎮臺16線4K+800M,0,670,670,23.48947365,119.0799439,0,0
63000_10901_00_123456_671,南投縣名間鄉崁腳村名松路1段309號,,草屯鎮,草屯分局,草屯派出所,草屯鎮敦和路仁愛街口,0,671,671,23.48881546,119.0770464,0,0
63000_10901_00_123456_672,南投縣名間鄉赤水村南田路291號,,埔里鎮,埔里分局,埔里派出所,埔里鎮南安路安七街口,0,672,672,23.48815727,119.0741488,0,0
63000_10901_00_123456_673,南投縣名間鄉大庄村南田路138號,,集集鎮,集集分局,集集派出所,集集鎮民生路八張路口,0,673,673,23.48749908,119.0712513,0,0
63000_10901_00_123456_674,南投縣埔里鎮中山路二段235號,,南投市,中興分局,泳清派出所,南投市南營路慶福寺廣場前,0,674,674,23.48684089,119.0683538,0,0
63000_10901_00_123456_675,南投縣國姓鄉北山村中正路四段159號,,草屯鎮,草屯分局,草屯派出所,草屯鎮成功路碧山南路口,0,675,675,23.48618271,119.0654563,0,0
63000_10901_00_123456_676,南投縣埔里鎮牛眠里西安路二段355號,,鹿谷鄉,竹山分局,鹿谷分駐所,鹿谷鄉中正路151線道口,0,676,676,23.48552452,119.0625588,0,0
63000_10901_00_123456_677,南投縣埔里鎮合成里西安路3段225號,,國姓鄉,埔里分局,國姓派出所,埔里鎮國姓鄉中興成功路口,0,677,677,23.48486633,119.0596613,0,0
63000_10901_00_123456_678,南投縣國姓鄉長流村大長路351號,,埔里鎮,埔里分局,埔里派出所,埔里鎮和平東路慈恩街口,0,678,678,23.48420814,119.0567638,0,0
63000_10901_00_123456_679,南投縣國姓鄉福龜村中正路1段157號,,竹山鎮,竹山分局,中和派出所,竹山鎮南雲交流道台3線口,0,679,679,23.48354995,119.0538663,0,0
63000_10901_00_123456_680,南投縣埔里鎮中山路二段235號,,南投市,南投分局,南投派出所,復興路玉井街口,0,680,680,23.48289176,119.0509688,0,0
63000_10901_00_123456_681,南投縣埔里鎮桃米里桃米巷48號,,草屯鎮,草屯分局,新光派出所,草屯商工前,0,681,681,23.48223357,119.0480712,0,0
63000_10901_00_123456_682,南投縣國姓鄉國姓村國姓路265號,,草屯鎮,草屯分局,上林派出所,草溪路富林路口,0,682,682,23.48157538,119.0451737,0,0
63000_10901_00_123456_683,南投縣國姓鄉北港村國姓路48號,,竹山鎮,竹山分局,延平派出所,江西路延正路口,0,683,683,23.48091719,119.0422762,0,0
63000_10901_00_123456_684,南投縣埔里鎮鐵山一巷5之1號,,集集鎮,集集分局,日月潭派出所,魚池鄉台21甲線與台21線,0,684,684,23.480259,119.0393787,0,0
63000_10901_00_123456_685,南投縣埔里鎮中山路2段85號,,埔里鎮,埔里分局,埔里派出所,埔里中正路樹人路口,0,685,685,23.47960082,119.0364812,0,0
63000_10901_00_123456_686,南投縣埔里鎮南環路400號,,國姓鄉,埔里分局,國姓派出所,國姓中正路二段柑林車站前,0,686,686,23.47894263,119.0335837,0,0
63000_10901_00_123456_687,南投縣草屯鎮富寮里中正路571號,,鹿谷鄉,竹山分局,鹿谷分駐所,鹿谷中正路光復路口,0,687,687,23.47828444,119.0306862,0,0
63000_10901_00_123456_688,南投縣草屯鎮上林里草溪路136之11,,南投市,南投分局,南投派出所,彰南路祖祠路口,0,688,688,23.47762625,119.0277887,0,0
63000_10901_00_123456_689,南投縣中寮鄉永平村永平路282號,,草屯鎮,草屯分局,草屯派出所,草屯中正溪南路口,0,689,689,23.47696806,119.0248912,0,0
63000_10901_00_123456_690,南投縣草屯鎮中山里草鞋墩1街10號,,南投市,南投分局,南投派出所,南投市中興路南鄉路口,0,690,690,23.47630987,119.0219937,0,0
63000_10901_00_123456_691,南投縣草屯鎮富寮里中正路571號,,南投市,南投分局,半山派出所,南投市復興路祖祠路口,0,691,691,23.47565168,119.0190961,0,0
63000_10901_00_123456_692,南投縣中寮鄉爽文村龍南路189之1號,,南投市,南投分局,南投派出所,南投市大同街三和三路口,0,692,692,23.47499349,119.0161986,0,0
63000_10901_00_123456_693,南投縣草屯鎮復興里碧山路755號,,南投市,南投分局,半山派出所,南投市彰南路仁和街口,0,693,693,23.4743353,119.0133011,0,0
63000_10901_00_123456_694,南投縣草屯鎮新庄里芬草路150號,,草屯鎮,草屯分局,上林派出所,草屯鎮民權路草溪路口,0,694,694,23.47367711,119.0104036,0,0
63000_10901_00_123456_695,南投縣草屯鎮土城里中正路216號,,埔里鎮,埔里分局,史港派出所,埔里鎮西安路牛眠巷口,0,695,695,23.47301892,119.0075061,0,0
63000_10901_00_123456_696,南投縣草屯鎮雙冬里中正路46號,,埔里鎮,埔里分局,鯉潭派出所,埔里鎮民族路和平東路口,0,696,696,23.47236074,119.0046086,0,0
63000_10901_00_123456_697,南投縣集集鎮民生路63號,,竹山鎮,竹山分局,竹山派出所,竹山鎮前山路大明路口,0,697,697,23.47170255,119.0017111,0,0
63000_10901_00_123456_698,南投縣魚池鄉五城村五城巷24號,,竹山鎮,竹山分局,竹山派出所,竹山鎮中山路大智路口,0,698,698,23.47104436,118.9988136,0,0
63000_10901_00_123456_699,南投縣魚池鄉水社村中山路144號,,竹山鎮,竹山分局,瑞竹派出所,竹山鎮鯉南路三坪頂路口,0,699,699,23.47038617,118.9959161,0,0
63000_10901_00_123456_700,南投縣水里鄉水里村民權路86號,,仁愛鄉,仁愛分局,春陽派出所,仁愛鄉台14線永樂巷口（春陽）,0,700,700,23.46972798,118.9930185,0,0
63000_10901_00_123456_701,南投縣水里鄉車埕村民權巷108號,,埔里鎮,埔里分局,埔里派出所,埔里鎮南安路與育英街口,0,701,701,23.46906979,118.990121,0,0
63000_10901_00_123456_702,南投縣魚池鄉東光村慶隆巷32號,,南投市,中興分局,府西派出所,南投市省府路、向陽路口,0,702,702,23.4684116,118.9872235,0,0
63000_10901_00_123456_703,南投縣水里鄉群坑村郡坑巷26號,,國姓鄉,埔里分局,國姓分駐所,國姓鄉中正路鄭成功像前,0,703,703,23.46775341,118.984326,0,0
63000_10901_00_123456_704,南投縣魚池鄉魚池村魚池街358號,,國姓鄉,埔里分局,國姓分駐所,國姓鄉台14線136線道口,0,704,704,23.46709522,118.9814285,0,0
63000_10901_00_123456_705,南投縣集集鎮民生路63號,,草屯鎮,草屯分局,草屯派出所,草屯鎮碧山路與中山路口,0,705,705,23.46643703,118.978531,0,0
63000_10901_00_123456_706,南投縣集集鎮田寮里龍泉巷25號,,南投市,南投分局,南投派出所,南投市中興路與東山路口,0,706,706,23.46577885,118.9756335,0,0
63000_10901_00_123456_707,南投縣魚池鄉日月村中正路288號,,草屯鎮,草屯分局,中正派出所,草屯鎮炎峰街、玉屏路、玉峰路口(草屯圓環),0,707,707,23.46512066,118.972736,0,0
63000_10901_00_123456_708,南投縣魚池鄉頭社村平和巷145號,,南投市,南投分局,南投派出所,南投市南鄉路、芳美路口,0,708,708,23.46446247,118.9698385,0,0
63000_10901_00_123456_709,南投縣南投縣南投市光華里光華路115號,,埔里鎮,埔里分局,埔里派出所,埔里鎮南興街與西安路口,0,709,709,23.46380428,118.966941,0,0
63000_10901_00_123456_710,南投縣南投縣南投市光華里光華路115號,,埔里鎮,埔里分局,鯉潭派出所,埔里鎮中山路與和平東路口,0,710,710,23.46314609,118.9640434,0,0
63000_10901_00_123456_711,南投縣南投縣南投市營南里南營路745號,,集集鎮,集集分局,集集派出所,集集鎮台16線與集鹿大橋路口,0,711,711,23.4624879,118.9611459,0,0
63000_10901_00_123456_712,南投縣南投縣南投市光明里光明路35號,,南投市,南投分局,南投派出所,南投市集賢路、彰南路、三和三路口,0,712,712,23.46182971,118.9582484,0,0
63000_10901_00_123456_713,南投縣南投縣南投市光輝里虎山路3號,,埔里鎮,埔里分局,鯉潭派出所,埔里鎮中山路、中華路口,0,713,713,23.46117152,118.9553509,0,0
63000_10901_00_123456_714,南投縣南投縣南投市南崗2路133號,,竹山鎮,竹山分局,竹山派出所,竹山鎮集山路三段968號與前山路、橫街口,0,714,714,23.46051333,118.9524534,0,0
63000_10901_00_123456_715,南投縣仁愛鄉大同村信義巷28號,,草屯鎮,草屯分局,中正派出所,草屯鎮中山街與芬草路口,0,715,715,23.45985514,118.9495559,0,0
63000_10901_00_123456_716,南投縣仁愛鄉互助村中華路2號,,草屯鎮,草屯分局,中正派出所,草屯鎮敦和路與大明巷口（音樂王KTV前）,0,716,716,23.45919695,118.9466584,0,0
63000_10901_00_123456_717,南投縣仁愛鄉精英村法觀路18號,,南投市,南投分局,南投派出所,南投市中興路、嘉和一路口,0,717,717,23.45853877,118.9437609,0,0
63000_10901_00_123456_718,南投縣仁愛鄉大同村仁和路135號,,草屯鎮,草屯分局,草屯派出所,草屯鎮省府路、新台14乙線口（高速公路匝道口）,0,718,718,23.45788058,118.9408634,0,0
63000_10901_00_123456_719,南投縣仁愛鄉法治村界山巷4號,,埔里鎮,埔里分局,埔里派出所,埔里鎮南興街媽祖廟前,0,719,719,23.45722239,118.9379658,0,0
63000_10901_00_123456_720,南投縣仁愛鄉南豐村中正路86號,,集集鎮,集集分局,集集派出所,集集鎮民生路火車站前,0,720,720,23.4565642,118.9350683,0,0
63000_10901_00_123456_721,南投縣仁愛鄉春陽村永樂巷57號,,草屯鎮,草屯分局,草屯派出所,草屯鎮太平路中興路口,0,721,721,23.45590601,118.9321708,0,0
63000_10901_00_123456_722,南投縣仁愛鄉新生村山林巷93號,,南投市,南投分局,鳳鳴派出所,南投市八德路、猴探井街口,0,722,722,23.45524782,118.9292733,0,0
63000_10901_00_123456_723,南投縣仁愛鄉發祥村仁盛路22號,,名間鄉,南投分局,新佳派出所,名間鄉彰南路、大埔巷口,0,723,723,23.45458963,118.9263758,0,0
63000_10901_00_123456_724,南投縣仁愛鄉力行村新望洋68號,,南投市,南投分局,南投派出所,南投市復興路、三和二路口,0,724,724,23.45393144,118.9234783,0,0
63000_10901_00_123456_725,南投縣仁愛鄉互助村明月巷50號,,埔里鎮,埔里分局,埔里派出所,埔里鎮西安路、南昌街口,0,725,725,23.45327325,118.9205808,0,0
63000_10901_00_123456_726,南投縣仁愛鄉力行村華岡路1號,,埔里鎮,埔里分局,埔里派出所,埔里鎮東榮路、南盛街口,0,726,726,23.45261506,118.9176833,0,0
63000_10901_00_123456_727,南投縣仁愛鄉發祥村瑞和路43號,,埔里鎮,埔里分局,埔里派出所,埔里鎮南興街、民生路口,0,727,727,23.45195688,118.9147858,0,0
63000_10901_00_123456_728,南投縣仁愛鄉萬豐村清華巷77號,,埔里鎮,埔里分局,埔里派出所,埔里鎮西安路一段、北辰街口,0,728,728,23.45129869,118.9118883,0,0
63000_10901_00_123456_729,南投縣仁愛鄉中正村平等巷118號,,埔里鎮,埔里分局,埔里派出所,埔里鎮中山路三段、西康路口,0,729,729,23.4506405,118.9089907,0,0
63000_10901_00_123456_730,南投縣仁愛鄉榮興村6鄰碧綠巷24號,,埔里鎮,埔里分局,埔里派出所,埔里鎮南興街、隆生路口,0,730,730,23.44998231,118.9060932,0,0
63000_10901_00_123456_731,南投縣仁愛鄉大同村仁和路150號,,南投市,南投分局,南投派出所,南投市彰南路一段、民生街口（圓環）,0,731,731,23.44932412,118.9031957,0,0
63000_10901_00_123456_732,南投縣仁愛鄉力行村翠巒路23號,,埔里鎮,埔里分局,埔里派出所,埔里鎮中正路、八德路口,0,732,732,23.44866593,118.9002982,0,0
63000_10901_00_123456_733,南投縣仁愛鄉親愛村高平路4號,,竹山鎮,竹山分局,延平派出所,竹山鎮集山路三段與大明路口(增設1組),0,733,733,23.44800774,118.8974007,0,0
63000_10901_00_123456_734,南投縣仁愛鄉合作村平生路24號,,草屯鎮,草屯分局,中正派出所,草屯鎮虎山路明賢路口,0,734,734,23.44734955,118.8945032,0,0
63000_10901_00_123456_735,南投縣仁愛鄉精英村榮華巷43號,,南投市,中興分局,光明派出所,南投市中興光明南路口,0,735,735,23.44669136,118.8916057,0,0
63000_10901_00_123456_736,南投縣仁愛鄉大同村仁和路87號,,鹿谷鄉,竹山分局,鹿谷分駐所,鹿谷鄉初鄉村中正路與仁愛路口,0,736,736,23.44603317,118.8887082,0,0
63000_10901_00_123456_737,南投縣仁愛鄉精英村中興巷18號,,埔里鎮,埔里分局,愛蘭派出所,埔里鎮蘭陽街、鐵山路口,0,737,737,23.44537498,118.8858107,0,0
63000_10901_00_123456_738,南投縣竹山鎮竹山里集山路三段968號,,南投市,中興分局,光明派出所,南投市會展中心,0,738,738,23.4447168,118.8829131,0,0
63000_10901_00_123456_739,南投縣竹山鎮中和里前山路二段119號,,草屯鎮,草屯分局,中正派出所,草屯鎮中正路自由街,0,739,739,23.44405861,118.8800156,0,0
63000_10901_00_123456_740,南投縣竹山鎮竹山里集山路三段968號,,草屯鎮,草屯分局,新光派出所,草屯鎮敦煌路一段碧興路二段,0,740,740,23.44340042,118.8771181,0,0
63000_10901_00_123456_741,南投縣鹿谷鄉竹林村光復路106號,,草屯鎮,草屯分局,中正派出所,草屯鎮太平中正路中興路,0,741,741,23.44274223,118.8742206,0,0
63000_10901_00_123456_742,南投縣竹山鎮集山路3段968號,,草屯鎮,草屯分局,草屯派出所,草屯鎮太平路往富林路,0,742,742,23.44208404,118.8713231,0,0
63000_10901_00_123456_743,南投縣鹿谷鄉秀峰村仁愛路174號,,草屯鎮,草屯分局,新光派出所,草屯鎮芬草路3段加老路口,0,743,743,23.44142585,118.8684256,0,0
63000_10901_00_123456_744,南投縣竹山鎮延平里集山路3段22號,,仁愛鄉,仁愛分局,松崗派出所,仁愛鄉仁和路往霧社派出所,0,744,744,23.44076766,118.8655281,0,0
63000_10901_00_123456_745,南投縣竹山鎮社寮里集山路一段1694號,,埔里鎮,埔里分局,埔里派出所,埔里鎮南安路隆生路口,0,745,745,23.44010947,118.8626306,0,0
63000_10901_00_123456_746,南投縣竹山鎮桶頭里鯉南路319號,,埔里鎮,埔里分局,愛蘭派出所,埔里鎮大成路恆吉一路,0,746,746,23.43945128,118.8597331,0,0
63000_10901_00_123456_747,南投縣竹山鎮秀林里頂林路399號,,埔里鎮,埔里分局,鯉潭派出所,埔里鎮中山路往仁愛方向,0,747,747,23.43879309,118.8568356,0,0
63000_10901_00_123456_748,南投縣鹿谷鎮鹿谷村中正路2段76之6號,,埔里鎮,埔里分局,鯉潭派出所,埔里鎮信義路中華路口,0,748,748,23.4381349,118.853938,0,0
63000_10901_00_123456_749,南投縣鹿谷鄉內湖村興產路1之20號,,集集鎮,集集分局,集集派出所,集集鎮中溝農路中集路口,0,749,749,23.43747672,118.8510405,0,0
63000_10901_00_123456_750,南投縣竹山鎮瑞竹里鯉南路293號,,魚池鄉,集集分局,日月潭派出所,魚池鄉向山遊客中心,0,750,750,23.43681853,118.848143,0,0
63000_10901_00_123456_751,南投縣竹山鎮福興里鯉南路172號,,名間鄉,南投分局,名間分駐所,名間鄉彰南路董門巷,0,751,751,23.43616034,118.8452455,0,0
63000_10901_00_123456_752,南投縣鹿谷鄉鳳凰村新進巷1號,,名間鄉,南投分局,名間分駐所,名間鄉名水路磨坑巷口,0,752,752,23.43550215,118.842348,0,0
63000_10901_00_123456_753,南投縣信義鄉明德村玉山路49號,,南投市,南投分局,南投派出所,南投市南崗一路大庄路口,0,753,753,23.43484396,118.8394505,0,0
63000_10901_00_123456_754,南投縣信義鄉人和村民生巷10號,,南投市,南投分局,半山派出所,南投市永興路南崗三路,0,754,754,23.43418577,118.836553,0,0
63000_10901_00_123456_755,南投縣信義鄉望美村美信巷55號,,竹山鎮,竹山分局,竹山派出所,竹山鎮鯉南路自強路口,0,755,755,23.43352758,118.8336555,0,0
63000_10901_00_123456_756,南投縣信義鄉同富村同和巷6號,,竹山鎮,竹山分局,延平派出所,竹山鎮集山路三段延祥路口,0,756,756,23.43286939,118.830758,0,0
63000_10901_00_123456_757,南投縣信義鄉東埔村開高巷56號,,南投市,中興分局,府西派出所,南投市省府路、向陽路口,0,757,757,23.4322112,118.8278604,0,0
63000_10901_00_123456_758,南投縣信義鄉地利村開信巷14號,,南投市,中興分局,光明派出所,南投市中興路、東閔路口,0,758,758,23.43155301,118.8249629,0,0
63000_10901_00_123456_759,南投縣信義鄉明德村玉山路49號,,南投市,中興分局,中興派出所,南投市光華路、中學路口,0,759,759,23.43089483,118.8220654,0,0
63000_10901_00_123456_760,南投縣信義鄉新鄉村新鄉路105號,,竹山鎮,竹山分局,社寮派出所,竹山鎮集山路與南雲路口(山腳圓環),0,760,760,23.43023664,118.8191679,0,0
63000_10901_00_123456_761,南投縣信義鄉潭南村和平巷47號,,草屯鎮,草屯分局,中正派出所,草屯鎮中正路與太平路口,0,761,761,23.42957845,118.8162704,0,0
63000_10901_00_123456_762,南投縣信義鄉豐丘村高平巷8號,,埔里鎮,埔里分局,鯉潭派出所,埔里鎮中華路、八德路口,0,762,762,23.42892026,118.8133729,0,0
63000_10901_00_123456_763,南投縣信義鄉雙龍村光復巷33號,,國姓鄉,埔里分局,長流派出所,國姓鄉台21線與投133線(大長路)交界處(長流國小),0,763,763,23.42826207,118.8104754,0,0
63000_10901_00_123456_764,南投縣信義鄉羅娜村信筆巷66號,,埔里鎮,埔里分局,桃米派出所,埔里鎮台21線桃米巷口,0,764,764,23.42760388,118.8075779,0,0
63000_10901_00_123456_765,南投縣信義鄉郡大入山檢查哨,,埔里鎮,埔里分局,鯉潭派出所,埔里鎮國道六號終點,0,765,765,23.42694569,118.8046804,0,0
63000_10901_00_123456_766,南投縣南投市三民里彰南路二段109號,,埔里鎮,埔里分局,隆生派出所,埔里鎮南環路與隆生路口(隆生派出所旁),0,766,766,23.4262875,118.8017829,0,0
63000_10901_00_123456_767,南投縣南投市三民里彰南路二段109號,,水里鄉,集集分局,水里分駐所,水里鄉頂崁三岔路口,0,767,767,23.42562931,118.7988853,0,0
63000_10901_00_123456_768,南投縣南投市平山里彰南路3段19號,,魚池鄉,集集分局,魚池分駐所,魚池鄉台21甲線與台21線交叉路口頭社,0,768,768,23.42497112,118.7959878,0,0
63000_10901_00_123456_769,南投縣南投市鳳鳴里八卦路837號,,信義鄉,信義分局,潭南派出所,信義鄉投63線與和平巷口(潭南派出所),0,769,769,23.42431293,118.7930903,0,0
63000_10901_00_123456_770,南投縣名間鄉中正村彰南路30號,,信義鄉,信義分局,青雲派出所,信義鄉台16線青雲檢查所前,0,770,770,23.42365475,118.7901928,0,0
63000_10901_00_123456_771,南投縣名間鄉新街村彰南路422號,,南投市,南投分局,鳳鳴派出所,南投市八卦路與成功三路口,0,771,771,23.42299656,118.7872953,0,0
63000_10901_00_123456_772,南投縣名間鄉崁腳村名松路1段309號,,南投市,南投分局,半山派出所,南投市工業路、仁和路口,0,772,772,23.42233837,118.7843978,0,0
63000_10901_00_123456_773,南投縣名間鄉赤水村南田路291號,,南投市,南投分局,南投派出所,南投市彰南路、嘉和一路口 ,0,773,773,23.42168018,118.7815003,0,0
63000_10901_00_123456_774,南投縣名間鄉大庄村南田路138號,,草屯鎮,草屯分局,新光派出所,草屯鎮碧興路二段1422巷、1405巷口,0,774,774,23.42102199,118.7786028,0,0
63000_10901_00_123456_775,南投縣埔里鎮中山路二段235號,,埔里鎮,埔里分局,埔里派出所,埔里鎮中山路三段、南昌街口,0,775,775,23.4203638,118.7757053,0,0
63000_10901_00_123456_776,南投縣國姓鄉北山村中正路四段159號,,埔里鎮,埔里分局,愛蘭派出所,埔里鎮中正路、籃城路口,0,776,776,23.41970561,118.7728077,0,0
63000_10901_00_123456_777,南投縣埔里鎮牛眠里西安路二段355號,,埔里鎮,埔里分局,愛蘭派出所,埔里鎮育溪路、南環路口,0,777,777,23.41904742,118.7699102,0,0
63000_10901_00_123456_778,南投縣埔里鎮合成里西安路3段225號,,鹿谷鄉,竹山分局,秀峰派出所,鹿谷鄉139與131縣道口,0,778,778,23.41838923,118.7670127,0,0
63000_10901_00_123456_779,南投縣國姓鄉長流村大長路351號,,竹山鎮,竹山分局,竹山派出所,竹山鎮大禮路、大明路口,0,779,779,23.41773104,118.7641152,0,0
63000_10901_00_123456_780,南投縣國姓鄉福龜村中正路1段157號,,仁愛鄉,仁愛分局,過坑派出所,投69線5.8公里處 仁愛鄉平等巷11-2號旁,0,780,780,23.41707286,118.7612177,0,0
63000_10901_00_123456_781,南投縣埔里鎮中山路二段235號,,魚池鄉,集集分局,日月潭派出所,日月潭水社游客中心,0,781,781,23.41641467,118.7583202,0,0
63000_10901_00_123456_782,南投縣埔里鎮桃米里桃米巷48號,,埔里鎮,埔里分局,鯉潭派出所,埔里鎮大湳社區大湳振興路口,0,782,782,23.41575648,118.7554227,0,0
63000_10901_00_123456_783,南投縣國姓鄉國姓村國姓路265號,,埔里鎮,埔里分局,鯉潭派出所,埔里鎮大湳六街路口,0,783,783,23.41509829,118.7525252,0,0
63000_10901_00_123456_784,南投縣國姓鄉北港村國姓路48號,,名間鄉,南投分局,名間分駐所,名間鄉員集路南雅街口,0,784,784,23.4144401,118.7496277,0,0
63000_10901_00_123456_785,南投縣埔里鎮鐵山一巷5之1號,,名間鄉,南投分局,崁峰派出所,名間鄉名松路二段豐柏路口,0,785,785,23.41378191,118.7467302,0,0
63000_10901_00_123456_786,南投縣埔里鎮中山路2段85號,,名間鄉,南投分局,崁峰派出所,名間鄉新厝路出林虎路口,0,786,786,23.41312372,118.7438326,0,0
63000_10901_00_123456_787,南投縣埔里鎮南環路400號,,南投市,南投分局,半山派出所,南投市南崗三路仁和路口,0,787,787,23.41246553,118.7409351,0,0
63000_10901_00_123456_788,南投縣草屯鎮富寮里中正路571號,,名間鄉,南投分局,新佳派出所,名間鄉彰南路新大巷田寮巷口,0,788,788,23.41180734,118.7380376,0,0
63000_10901_00_123456_789,南投縣草屯鎮上林里草溪路136之11,,草屯鎮,草屯分局,草屯派出所,草屯鎮虎山路富林路口,0,789,789,23.41114915,118.7351401,0,0
63000_10901_00_123456_790,南投縣中寮鄉永平村永平路282號,,草屯鎮,草屯分局,草屯派出所,草屯鎮草溪路747巷口,0,790,790,23.41049096,118.7322426,0,0
63000_10901_00_123456_791,南投縣草屯鎮中山里草鞋墩1街10號,,草屯鎮,草屯分局,復興派出所,草屯鎮碧山路碧興路口,0,791,791,23.40983278,118.7293451,0,0
63000_10901_00_123456_792,南投縣草屯鎮富寮里中正路571號,,國姓鄉,埔里分局,國姓分駐所,國姓鄉育樂橋頭,0,792,792,23.40917459,118.7264476,0,0
63000_10901_00_123456_793,南投縣中寮鄉爽文村龍南路189之1號,,埔里鎮,埔里分局,埔里派出所,埔里鎮中正路仁愛路口,0,793,793,23.4085164,118.7235501,0,0
63000_10901_00_123456_794,南投縣草屯鎮復興里碧山路755號,,埔里鎮,埔里分局,鯉潭派出所,埔里鎮中華路青田街口,0,794,794,23.40785821,118.7206526,0,0
63000_10901_00_123456_795,南投縣草屯鎮新庄里芬草路150號,,埔里鎮,埔里分局,鯉潭派出所,埔里鎮中山路內埔橋,0,795,795,23.40720002,118.717755,0,0
63000_10901_00_123456_796,南投縣草屯鎮土城里中正路216號,,埔里鎮,埔里分局,鯉潭派出所,埔里鎮北安路六和路口,0,796,796,23.40654183,118.7148575,0,0
63000_10901_00_123456_797,南投縣草屯鎮雙冬里中正路46號,,埔里鎮,埔里分局,愛蘭派出所,埔里鎮愛蘭橋頭,0,797,797,23.40588364,118.71196,0,0
63000_10901_00_123456_798,南投縣集集鎮民生路63號,,埔里鎮,埔里分局,史港派出所,埔里鎮中正路西安路口,0,798,798,23.40522545,118.7090625,0,0
63000_10901_00_123456_799,南投縣魚池鄉五城村五城巷24號,,埔里鎮,埔里分局,愛蘭派出所,埔里鎮鐵山路梅村路口,0,799,799,23.40456726,118.706165,0,0
63000_10901_00_123456_800,南投縣魚池鄉水社村中山路144號,,埔里鎮,埔里分局,隆生派出所,埔里鎮71線與131線口,0,800,800,23.40390907,118.7032675,0,0
63000_10901_00_123456_801,南投縣水里鄉水里村民權路86號,,竹山鎮,竹山分局,桶頭派出所,竹山分局 149線149乙線道口,0,801,801,23.40325089,118.70037,0,0
63000_10901_00_123456_802,南投縣水里鄉車埕村民權巷108號,,鹿谷鄉,竹山分局,竹林派出所,鹿谷鄉小半天旅遊服務中心,0,802,802,23.4025927,118.6974725,0,0
63000_10901_00_123456_803,南投縣魚池鄉東光村慶隆巷32號,,魚池鄉,集集分局,魚池分駐所,魚池鄉大雁隧道,0,803,803,23.40193451,118.694575,0,0
63000_10901_00_123456_804,南投縣水里鄉群坑村郡坑巷26號,,集集鎮,集集分局,集集派出所,集集鎮集集大橋欄河堰,0,804,804,23.40127632,118.6916775,0,0
63000_10901_00_123456_805,南投縣魚池鄉魚池村魚池街358號,,水里鄉,集集分局,水里分駐所,水里鄉中正路民生路口,0,805,805,23.40061813,118.6887799,0,0
63000_10901_00_123456_806,南投縣集集鎮民生路63號,,魚池鄉,集集分局,魚池分駐所,魚池鄉民眾服務站前,0,806,806,23.39995994,118.6858824,0,0
63000_10901_00_123456_807,南投縣集集鎮田寮里龍泉巷25號,,信義鄉,信義分局,雙龍派出所,信義鄉雙龍派出所前交叉路口,0,807,807,23.39930175,118.6829849,0,0
63000_10901_00_123456_808,南投縣魚池鄉日月村中正路288號,,名間鄉,南投分局,新佳派出所,名間鄉客庄巷社區內監控設施點,0,808,808,23.39864356,118.6800874,0,0
63000_10901_00_123456_809,南投縣魚池鄉頭社村平和巷145號,,名間鄉,南投分局,名間分駐所,名間鄉名松名山路口,0,809,809,23.39798537,118.6771899,0,0
63000_10901_00_123456_810,南投縣南投縣南投市光華里光華路115號,,南投市,南投分局,半山派出所,南投市成功東路彰南路三段口,0,810,810,23.39732718,118.6742924,0,0
63000_10901_00_123456_811,南投縣南投縣南投市光華里光華路115號,,南投市,南投分局,半山派出所,南投市彰南路三段吉利路口,0,811,811,23.39666899,118.6713949,0,0
63000_10901_00_123456_812,南投縣南投縣南投市營南里南營路745號,,中寮鄉,草屯分局,中寮分駐所,中寮鄉永平路國道三號便道口,0,812,812,23.39601081,118.6684974,0,0
63000_10901_00_123456_813,南投縣南投縣南投市光明里光明路35號,,草屯鎮,草屯分局,草屯派出所,草屯鎮民生路、新生路口,0,813,813,23.39535262,118.6655999,0,0
63000_10901_00_123456_814,南投縣南投縣南投市光輝里虎山路3號,,草屯鎮,草屯分局,草屯派出所,草屯鎮碧山南路碧興路口,0,814,814,23.39469443,118.6627023,0,0
63000_10901_00_123456_815,南投縣南投縣南投市南崗2路133號,,草屯鎮,草屯分局,新光派出所,草屯鎮墩煌路與碧興路口（T字路口）,0,815,815,23.39403624,118.6598048,0,0
63000_10901_00_123456_816,南投縣仁愛鄉大同村信義巷28號,,埔里鎮,埔里分局,埔里派出所,埔里鎮河南路新生路口,0,816,816,23.39337805,118.6569073,0,0
63000_10901_00_123456_817,南投縣仁愛鄉互助村中華路2號,,埔里鎮,埔里分局,埔里派出所,埔里鎮東榮北辰街口,0,817,817,23.39271986,118.6540098,0,0
63000_10901_00_123456_818,南投縣仁愛鄉精英村法觀路18號,,埔里鎮,埔里分局,埔里派出所,埔里鎮中山路山路安七街口,0,818,818,23.39206167,118.6511123,0,0
63000_10901_00_123456_819,南投縣仁愛鄉大同村仁和路135號,,國姓鄉,埔里分局,北山派出所,國姓鄉台14線北山隧道口,0,819,819,23.39140348,118.6482148,0,0
63000_10901_00_123456_820,南投縣仁愛鄉法治村界山巷4號,,南投市,中興分局,府西派出所,南投市中興新村省府太平東閔路口,0,820,820,23.39074529,118.6453173,0,0
63000_10901_00_123456_821,南投縣仁愛鄉南豐村中正路86號,,竹山鎮,竹山分局,瑞竹派出所,竹山鎮鯉南路坪頂路口,0,821,821,23.3900871,118.6424198,0,0
63000_10901_00_123456_822,南投縣仁愛鄉春陽村永樂巷57號,,竹山鎮,竹山分局,竹山派出所,竹山鎮竹山下橫街口,0,822,822,23.38942892,118.6395223,0,0
63000_10901_00_123456_823,南投縣仁愛鄉新生村山林巷93號,,竹山鎮,竹山分局,竹山派出所,竹山鎮竹山頂橫街口,0,823,823,23.38877073,118.6366248,0,0
63000_10901_00_123456_824,南投縣仁愛鄉發祥村仁盛路22號,,竹山鎮,竹山分局,延平派出所,竹山鎮江西路河堤道路,0,824,824,23.38811254,118.6337272,0,0
63000_10901_00_123456_825,南投縣仁愛鄉力行村新望洋68號,,水里鄉,集集分局,水里分駐所,水里鄉中山路民族街路口(7-11前),0,825,825,23.38745435,118.6308297,0,0
63000_10901_00_123456_826,南投縣仁愛鄉互助村明月巷50號,,仁愛鄉,仁愛分局,親愛派出所,仁愛鄉投83線10.2公里,0,826,826,23.38679616,118.6279322,0,0
63000_10901_00_123456_827,南投縣仁愛鄉力行村華岡路1號,,仁愛鄉,仁愛分局,中原派出所,"仁愛鄉投80線4公里處
（往五票坑與埔里交界）",0,827,827,23.38613797,118.6250347,0,0
63000_10901_00_123456_828,南投縣仁愛鄉發祥村瑞和路43號,,名間鄉,南投分局,新佳派出所,彰南路嘉新橋（南投市名間鄉交界）,0,828,828,23.38547978,118.6221372,0,0
63000_10901_00_123456_829,南投縣仁愛鄉萬豐村清華巷77號,,名間鄉,南投分局,名間分駐所,名間鄉彰南路員集路口,0,829,829,23.38482159,118.6192397,0,0
63000_10901_00_123456_830,南投縣仁愛鄉中正村平等巷118號,,名間鄉,南投分局,名間分駐所,名間鄉員集路新民巷口,0,830,830,23.3841634,118.6163422,0,0
63000_10901_00_123456_831,南投縣仁愛鄉榮興村6鄰碧綠巷24號,,埔里鎮,埔里分局,鯉潭派出所,埔里鎮守城路守成一巷大湳路口,0,831,831,23.38350521,118.6134447,0,0
63000_10901_00_123456_832,南投縣仁愛鄉大同村仁和路150號,,埔里鎮,埔里分局,埔里派出所,埔里鎮民有二街東興一街,0,832,832,23.38284702,118.6105472,0,0
63000_10901_00_123456_833,南投縣仁愛鄉力行村翠巒路23號,,竹山鎮,竹山分局,延平派出所,竹山鎮大智路和育巷過坑巷口,0,833,833,23.38218884,118.6076496,0,0
63000_10901_00_123456_834,南投縣仁愛鄉親愛村高平路4號,,鹿谷鄉,竹山分局,鹿谷分駐所,鹿谷鄉仁愛路靖山農路口,0,834,834,23.38153065,118.6047521,0,0
63000_10901_00_123456_835,南投縣仁愛鄉合作村平生路24號,,竹山鎮,竹山分局,延平派出所,竹山鎮瑞山鹿山路口,0,835,835,23.38087246,118.6018546,0,0
63000_10901_00_123456_836,南投縣仁愛鄉精英村榮華巷43號,,魚池鄉,集集分局,魚池分駐所,魚池鄉魚池街文武巷口,0,836,836,23.38021427,118.5989571,0,0
63000_10901_00_123456_837,南投縣仁愛鄉大同村仁和路87號,,魚池鄉,集集分局,魚池分駐所,魚池鄉長興巷東興巷口,0,837,837,23.37955608,118.5960596,0,0
63000_10901_00_123456_838,南投縣仁愛鄉精英村中興巷18號,,信義鄉,信義分局,信義派出所,信義鄉明德村台21線7-11前,0,838,838,23.37889789,118.5931621,0,0
63000_10901_00_123456_839,南投縣竹山鎮竹山里集山路三段968號,,信義鄉,信義分局,人倫派出所,信義鄉波石聯絡道民生巷口（人和國小前）,0,839,839,23.3782397,118.5902646,0,0
63000_10901_00_123456_840,南投縣竹山鎮中和里前山路二段119號,,仁愛鄉,仁愛分局,霧社派出所,仁愛鄉台14甲線4.3公里投89線口（力行產業道路口）,0,840,840,23.37758151,118.5873671,0,0
63000_10901_00_123456_841,南投縣竹山鎮竹山里集山路三段968號,,名間鄉,南投分局,永和派出所,名間鄉田仔巷、蓮蕉巷口,0,841,841,23.37692332,118.5844696,0,0
63000_10901_00_123456_842,南投縣鹿谷鄉竹林村光復路106號,,南投市,南投分局,南投派出所,南投市復興華陽路口（復興路480巷口）,0,842,842,23.37626513,118.5815721,0,0
63000_10901_00_123456_843,南投縣竹山鎮集山路3段968號,,名間鄉,南投分局,名間分駐所,名間鄉南雲名竹路口,0,843,843,23.37560695,118.5786745,0,0
63000_10901_00_123456_844,南投縣鹿谷鄉秀峰村仁愛路174號,,名間鄉,南投分局,名間分駐所,名間鄉庄仔董門巷口,0,844,844,23.37494876,118.575777,0,0
63000_10901_00_123456_845,南投縣竹山鎮延平里集山路3段22號,,名間鄉,南投分局,永和派出所,名間鄉南田路籃口巷口,0,845,845,23.37429057,118.5728795,0,0
63000_10901_00_123456_846,南投縣竹山鎮社寮里集山路一段1694號,,南投市,南投分局,南投派出所,南投市復興文昌街口,0,846,846,23.37363238,118.569982,0,0
63000_10901_00_123456_847,南投縣竹山鎮桶頭里鯉南路319號,,埔里鎮,埔里分局,埔里派出所,籃城活動中心前路口,0,847,847,23.37297419,118.5670845,0,0
63000_10901_00_123456_848,南投縣竹山鎮秀林里頂林路399號,,埔里鎮,埔里分局,愛蘭派出所,鐵山梅村路路口,0,848,848,23.372316,118.564187,0,0
63000_10901_00_123456_849,南投縣鹿谷鎮鹿谷村中正路2段76之6號,,南投市,中興分局,光明派出所,中興新興路口（南新路口）,0,849,849,23.37165781,118.5612895,0,0
63000_10901_00_123456_850,南投縣鹿谷鄉內湖村興產路1之20號,,南投市,中興分局,中興派出所,光榮東路光榮路一街口,0,850,850,23.37099962,118.558392,0,0
63000_10901_00_123456_851,南投縣竹山鎮瑞竹里鯉南路293號,,南投市,中興分局,府西派出所,中興新村省府路與太平、東閔路口,0,851,851,23.37034143,118.5554945,0,0
63000_10901_00_123456_852,南投縣竹山鎮福興里鯉南路172號,,竹山鎮,竹山分局,中和派出所,竹山交流道前山路口,0,852,852,23.36968324,118.5525969,0,0
63000_10901_00_123456_853,南投縣鹿谷鄉鳳凰村新進巷1號,,鹿谷鄉,竹山分局,鹿谷分駐所,鹿谷鄉初鄉國小前,0,853,853,23.36902505,118.5496994,0,0
63000_10901_00_123456_854,南投縣信義鄉明德村玉山路49號,,鹿谷鄉,竹山分局,鳳凰派出所,鹿谷鄉仁義路麒麟路口,0,854,854,23.36836687,118.5468019,0,0
63000_10901_00_123456_855,南投縣信義鄉人和村民生巷10號,,竹山鎮,竹山分局,延平派出所,延平一路延平路口,0,855,855,23.36770868,118.5439044,0,0
63000_10901_00_123456_856,南投縣信義鄉望美村美信巷55號,,魚池鄉,集集分局,日月潭派出所,魚池鄉中正潭南路口,0,856,856,23.36705049,118.5410069,0,0
63000_10901_00_123456_857,南投縣信義鄉同富村同和巷6號,,水里鄉,集集分局,水里分駐所,水里鄉成功水信路口,0,857,857,23.3663923,118.5381094,0,0
63000_10901_00_123456_858,南投縣信義鄉東埔村開高巷56號,,草屯鎮,草屯分局,中正派出所,草屯鎮新豐路與墩煌路口（中投公路第一匝道口）,0,858,858,23.36573411,118.5352119,0,0
63000_10901_00_123456_859,南投縣信義鄉地利村開信巷14號,,南投市,中興分局,中興派出所,南投市光華二路、光華二路一街口,0,859,859,23.36507592,118.5323144,0,0
63000_10901_00_123456_860,南投縣信義鄉明德村玉山路49號,,南投市,中興分局,中興派出所,南投市光華四路、光華二路二街、光華四路一街口,0,860,860,23.36441773,118.5294169,0,0
63000_10901_00_123456_861,南投縣信義鄉新鄉村新鄉路105號,,南投市,中興分局,中興派出所,南投市光榮北路、光榮北路五街口,0,861,861,23.36375954,118.5265194,0,0
63000_10901_00_123456_862,南投縣信義鄉潭南村和平巷47號,,南投市,中興分局,中興派出所,南投市光榮東路、環山路口,0,862,862,23.36310135,118.5236218,0,0
63000_10901_00_123456_863,南投縣信義鄉豐丘村高平巷8號,,南投市,中興分局,光明派出所,南投市光明一路、光榮東路二街口,0,863,863,23.36244316,118.5207243,0,0
63000_10901_00_123456_864,南投縣信義鄉雙龍村光復巷33號,,南投市,中興分局,府西派出所,南投市省府圓環[中興圓環],0,864,864,23.36178498,118.5178268,0,0
63000_10901_00_123456_865,南投縣信義鄉羅娜村信筆巷66號,,南投市,中興分局,中興派出所,南投市中學路、光華路口,0,865,865,23.36112679,118.5149293,0,0
63000_10901_00_123456_866,南投縣信義鄉郡大入山檢查哨,,南投市,中興分局,中興派出所,南投市中學路、中正路口,0,866,866,23.3604686,118.5120318,0,0
63000_10901_00_123456_867,南投縣南投市三民里彰南路二段109號,,南投市,中興分局,府西派出所,南投市省府路、東閔路口,0,867,867,23.35981041,118.5091343,0,0
63000_10901_00_123456_868,南投縣南投市三民里彰南路二段109號,,南投市,中興分局,光明派出所,南投市文獻路、光明路口,0,868,868,23.35915222,118.5062368,0,0
63000_10901_00_123456_869,南投縣南投市平山里彰南路3段19號,,南投市,中興分局,光明派出所,南投市文獻路、田園街口,0,869,869,23.35849403,118.5033393,0,0
63000_10901_00_123456_870,南投縣南投市鳳鳴里八卦路837號,,南投市,中興分局,光明派出所,南投市文獻路圓環1,0,870,870,23.35783584,118.5004418,0,0
63000_10901_00_123456_871,南投縣名間鄉中正村彰南路30號,,南投市,中興分局,光明派出所,南投市文獻路圓環2,0,871,871,23.35717765,118.4975442,0,0
63000_10901_00_123456_872,南投縣名間鄉新街村彰南路422號,,南投市,中興分局,光明派出所,南投市內興路、中興路口,0,872,872,23.35651946,118.4946467,0,0
63000_10901_00_123456_873,南投縣名間鄉崁腳村名松路1段309號,,南投市,中興分局,光明派出所,南投市南營路與南營路222巷口,0,873,873,23.35586127,118.4917492,0,0
63000_10901_00_123456_874,南投縣名間鄉赤水村南田路291號,,南投市,中興分局,光明派出所,中興路光明路口(中興88巷),0,874,874,23.35520308,118.4888517,0,0
63000_10901_00_123456_875,南投縣名間鄉大庄村南田路138號,,南投市,中興分局,光明派出所,光明一路大埤街口,0,875,875,23.3545449,118.4859542,0,0
63000_10901_00_123456_876,南投縣埔里鎮中山路二段235號,,南投市,中興分局,光明派出所,光明一路(汽訓中心前),0,876,876,23.35388671,118.4830567,0,0
63000_10901_00_123456_877,南投縣國姓鄉北山村中正路四段159號,,南投市,中興分局,光明派出所,中興路田園街口,0,877,877,23.35322852,118.4801592,0,0
63000_10901_00_123456_878,南投縣埔里鎮牛眠里西安路二段355號,,南投市,中興分局,光明派出所,光明一路田園街口,0,878,878,23.35257033,118.4772617,0,0
,,,,,,,,,,,,,
,,,,,,,,,,,,,
,,,,,,,,,,,,,
,,,,,,,,,,,,,
,,,,,,,,,,,,,
,,,,,,,,,,,,,
,,,,,,,,,,,,,
,,,,,,,,,,,,,
,,,,,,,,,,,,,
,,,,,,,,,,,,,
,,,,,,,,,,,,,
,,,,,,,,,,,,,
,,,,,,,,,,,,,
,,,,,,,,,,,,,
,,,,,,,,,,,,,
,,,,,,,,,,,,,
,,,,,,,,,,,,,
,,,,,,,,,,,,,
,,,,,,,,,,,,,
,,,,,,,,,,,,,
,,,,,,,,,,,,,
,,,,,,,,,,,,,
,,,,,,,,,,,,,
,,,,,,,,,,,,,
,,,,,,,,,,,,,
,,,,,,,,,,,,,
,,,,,,,,,,,,,
,,,,,,,,,,,,,
,,,,,,,,,,,,,
,,,,,,,,,,,,,
,,,,,,,,,,,,,
,,,,,,,,,,,,,
,,,,,,,,,,,,,
,,,,,,,,,,,,,
,,,,,,,,,,,,,
,,,,,,,,,,,,,
,,,,,,,,,,,,,
,,,,,,,,,,,,,
,,,,,,,,,,,,,
